Date,Close,High,Low,Open,Volume,SMA_10,SMA_20,SMA_50,VOL_SMA_20
2017-01-25,2.654848575592041,2.6920396123468873,2.6188890581203954,2.6858820159308814,522760000,2.5749746561050415,2.6048506617546083,2.438944544792175,924281000.0
2017-01-26,2.700660467147827,2.7080493492028053,2.628002461423621,2.6575582245318587,458800000,2.586033320426941,2.595405101776123,2.4496888303756714,887507400.0
2017-01-27,2.752875566482544,2.7558311661687753,2.6809565221903244,2.7075566844780883,471996000,2.6065499067306517,2.5985084056854246,2.4636071634292604,796319000.0
2017-01-30,2.709773302078247,2.7341568231124733,2.6578044973955945,2.731940182089055,496004000,2.622780919075012,2.596772027015686,2.4754092121124267,712350800.0
2017-01-31,2.689084768295288,2.7105126930869594,2.664947406364293,2.6834199659121873,362756000,2.642657232284546,2.599776864051819,2.484121770858765,669842000.0
2017-02-01,2.8065688610076904,2.8107557455088608,2.705832772242028,2.7235661365721744,590004000,2.6697500467300417,2.6144808769226073,2.4948101902008055,624242400.0
2017-02-02,2.8420355319976807,2.850656168461038,2.7600184006635824,2.7905592855134524,483240000,2.694946217536926,2.628027248382568,2.5057308292388916,588443400.0
2017-02-03,2.817159652709961,2.8545970964164544,2.805337487503971,2.843513655050103,372744000,2.7204874038696287,2.6435932874679566,2.5163408660888673,557865800.0
2017-02-06,2.889324903488159,2.8898174643100063,2.8078000978201123,2.8078000978201123,506768000,2.7505850553512574,2.66109277009964,2.528064670562744,542061400.0
2017-02-07,2.9341511726379395,2.978238536373169,2.9038564512135476,2.923560293054265,746224000,2.779648280143738,2.675685942173004,2.540458388328552,533560200.0
2017-02-08,2.9213433265686035,2.938584127536842,2.8664186915167496,2.916171086278132,449580000,2.806297755241394,2.6906362056732176,2.5525023698806764,511993200.0
2017-02-09,2.8664190769195557,2.9324271600084426,2.8472080303366774,2.9275010819904432,842568000,2.822873616218567,2.704453468322754,2.5634724712371826,527838400.0
2017-02-10,2.7984418869018555,2.9728209239005863,2.7733193976715182,2.953856034176334,1651092000,2.827430248260498,2.716990077495575,2.573506684303284,579112200.0
2017-02-13,2.6693811416625977,2.807308062929258,2.664947623658728,2.7927764589648927,1180724000,2.8233910322189333,2.7230859756469727,2.5814768791198732,615257400.0
2017-02-14,2.679232358932495,2.7129752389905017,2.617903960953829,2.6597746811750547,850632000,2.822405791282654,2.7325315117835998,2.591890368461609,628758400.0
2017-02-15,2.6846508979797363,2.7043547396799372,2.654110013810921,2.6821880939334517,373020000,2.8102139949798586,2.73998202085495,2.602013211250305,614688200.0
2017-02-16,2.641550302505493,2.6954896155974053,2.602388761140667,2.694258095472074,647176000,2.7901654720306395,2.742555844783783,2.609584455490112,614803400.0
2017-02-17,2.6410558223724365,2.645489338974115,2.5809591818652775,2.6280021401673146,563740000,2.7725550889968873,2.7465212464332582,2.6164019870758057,618389200.0
2017-02-21,2.7356345653533936,2.7395752863526996,2.665439371514348,2.6656857693404357,551952000,2.7571860551834106,2.753885555267334,2.6242835187911986,627491600.0
2017-02-22,2.731442451477051,2.7570898205223533,2.7124533983272987,2.747718648356972,433772000,2.736915183067322,2.7582817316055297,2.632864441871643,627777600.0
2017-02-23,2.478175401687622,2.6236748440418154,2.4582002139642993,2.60172669084164,1592888000,2.6925983905792235,2.749448072910309,2.637197742462158,681284000.0
2017-02-24,2.502096176147461,2.515413044525929,2.360049266530752,2.3938347375744757,1029904000,2.656166100502014,2.7395198583602904,2.6431079435348512,709839200.0
2017-02-27,2.574845552444458,2.589888675226944,2.504561998126973,2.520345012163367,715400000,2.6338064670562744,2.7306183576583862,2.6496948337554933,722009400.0
2017-02-28,2.502589702606201,2.594328481533278,2.4853271366291163,2.584463889335147,625360000,2.6171273231506347,2.7202591776847838,2.652235679626465,728477200.0
2017-03-01,2.5348947048187256,2.573858936069093,2.493464326419474,2.5595554707533554,504804000,2.602693557739258,2.7125496745109556,2.6543093633651735,735579600.0
2017-03-02,2.4414303302764893,2.536128429556027,2.4387177088270806,2.522071669419933,754332000,2.578371500968933,2.6942927479743957,2.653676347732544,743796000.0
2017-03-03,2.4273743629455566,2.4357589380720275,2.3728735662916667,2.4308268765596655,864692000,2.5569539070129395,2.6735596895217895,2.6521612453460692,762868600.0
2017-03-06,2.4086313247680664,2.4192355714945006,2.346979044747343,2.391122052782963,883568000,2.5337114572525024,2.653133273124695,2.6485274839401245,788409800.0
2017-03-07,2.435018301010132,2.4545005377405293,2.3958075890856274,2.4086312743503813,603400000,2.5036498308181763,2.6304179430007935,2.6450963592529297,793241400.0
2017-03-08,2.430579423904419,2.4981503627967867,2.428359985143752,2.483353712417707,638712000,2.473563528060913,2.6052393555641173,2.6409459400177,787865800.0
2017-03-09,2.430086851119995,2.4525281883751813,2.401973325938582,2.4145505407125585,478060000,2.4687546730041503,2.580676531791687,2.635470428466797,789289800.0
2017-03-10,2.444389820098877,2.4683109377395813,2.4261408897640804,2.456473850945749,499740000,2.462984037399292,2.559575068950653,2.6265667915344237,772148400.0
2017-03-13,2.5117135047912598,2.521577858275613,2.454006931074662,2.454746822261791,774136000,2.4566708326339723,2.5452386498451234,2.6229848718643187,728300600.0
2017-03-14,2.5099878311157227,2.5339087115966312,2.477681907209955,2.5245377735195125,522016000,2.4574106454849245,2.5372689843177794,2.618294610977173,695365200.0
2017-03-15,2.5289766788482666,2.539827399761133,2.473982712547506,2.5215784707342577,615036000,2.4568188428878783,2.5297562003135683,2.6162943840026855,683585400.0
2017-03-16,2.560049057006836,2.560542474662241,2.5255239322148944,2.5395806909593737,523100000,2.468680715560913,2.523526108264923,2.617245593070984,691089400.0
2017-03-17,2.6157829761505127,2.6170160499508905,2.5600491222234214,2.5775583938931392,1119688000,2.4875215768814085,2.522237741947174,2.618139090538025,714715000.0
2017-03-20,2.699136734008789,2.703082664300309,2.6172625610086664,2.6332922854579115,748568000,2.516572117805481,2.525141787528992,2.6220050477981567,723956400.0
2017-03-21,2.6118369102478027,2.7117137662274495,2.6039455205570254,2.6818739932887112,913484000,2.534253978729248,2.5189519047737123,2.623455080986023,742033000.0
2017-03-22,2.665104866027832,2.669790452595406,2.596794032716018,2.6007397279348194,616764000,2.557706522941589,2.5156350255012514,2.6239114236831664,751182600.0
2017-03-23,2.640937566757202,2.6771891926501885,2.631319918050708,2.657213768556529,533940000,2.57879159450531,2.5237731337547302,2.624283413887024,698235200.0
2017-03-24,2.65030837059021,2.695191273699471,2.624414523710715,2.6872998827985213,439500000,2.5993834495544434,2.5311837434768676,2.6254881048202514,668715000.0
2017-03-27,2.669543504714966,2.673489199580463,2.5543770512244213,2.603698825005055,506644000,2.615166449546814,2.535918641090393,2.627924780845642,658277200.0
2017-03-28,2.6557328701019287,2.6853259278516997,2.6453753351672162,2.6707759901525416,432444000,2.6297409534454346,2.5435757994651795,2.630090174674988,648631400.0
2017-03-29,2.647102117538452,2.675462107458459,2.644882678923065,2.6631316054804843,349992000,2.641553497314453,2.5491861701011658,2.6332257843017577,640890800.0
2017-03-30,2.6979029178619385,2.712699564421879,2.648581154636666,2.6542531044910107,525532000,2.6553388833999634,2.562009799480438,2.636471028327942,629450800.0
2017-03-31,2.6863131523132324,2.7099877942379282,2.673242992670033,2.6882861175352213,440808000,2.6623919010162354,2.574956738948822,2.6383958148956297,608256600.0
2017-04-03,2.6727495193481445,2.7040688395364185,2.649074879999404,2.6868062776652675,445232000,2.659753179550171,2.5881626486778258,2.640615849494934,586339800.0
2017-04-04,2.4853267669677734,2.5750925670667173,2.47447604642249,2.5499383781094633,1271280000,2.647102165222168,2.590678071975708,2.638555417060852,619733800.0
2017-04-05,2.4668309688568115,2.524537550871703,2.4537605751385136,2.4665842600307117,747048000,2.627274775505066,2.5924906492233277,2.635021657943726,625150600.0
2017-04-06,2.4848337173461914,2.4969175123790257,2.4268804196270235,2.4720100309320165,635120000,2.611664390563965,2.5952279925346375,2.6316213607788086,633003600.0
2017-04-07,2.474229097366333,2.508754456018166,2.459185974257858,2.4912451854663966,429068000,2.5940564632415772,2.5967199563980103,2.627092733383179,629470000.0
2017-04-10,2.411097288131714,2.481627317988771,2.4069048844922976,2.474969002077432,756332000,2.5682118415832518,2.591689145565033,2.620257167816162,628579800.0
2017-04-11,2.4197285175323486,2.4389640439524363,2.3760786962542375,2.3810107558778504,618148000,2.544611406326294,2.5871761798858643,2.6144562721252442,633386400.0
2017-04-12,2.3997535705566406,2.434032226570279,2.394574801102909,2.41972899215304,414092000,2.519876551628113,2.580715024471283,2.608669648170471,623339200.0
2017-04-13,2.354869842529297,2.397286583578637,2.354869842529297,2.3755851482783306,506892000,2.485573244094849,2.570456063747406,2.599635667800903,622528800.0
2017-04-17,2.4471025466918945,2.4473490203621933,2.3625155111890024,2.3676942804828776,497292000,2.4616521835327148,2.5620220422744753,2.5917370080947877,591409000.0
2017-04-18,2.4485814571380615,2.45474682506328,2.4069046047764346,2.4327984445081365,370116000,2.4392353773117064,2.549494278430939,2.5843654441833497,572486400.0
2017-04-19,2.4581997394561768,2.4902587171766912,2.451541188043826,2.466091129470659,380828000,2.436522674560547,2.5418124198913574,2.57574294090271,545853600.0
2017-04-20,2.497164011001587,2.5018495973809394,2.4515412210115537,2.4727497141359445,404016000,2.4395559787750245,2.533415377140045,2.5670031976699828,535216200.0
2017-04-21,2.507521867752075,2.510234489354003,2.4749694677896947,2.48680655447659,341896000,2.441824793815613,2.5267445921897886,2.5587267684936523,525614000.0
2017-04-24,2.5388412475585938,2.5519114084828494,2.518126169028914,2.539087721245005,371820000,2.448286008834839,2.521171236038208,2.552175211906433,522230000.0
2017-04-25,2.582984209060669,2.5975341525474755,2.5319361700161402,2.553391139539423,388440000,2.4654747009277345,2.5168432712554933,2.5478660583496096,516319800.0
2017-04-26,2.5652284622192383,2.5990137009982677,2.563255496843284,2.5965477882593384,327004000,2.4800246953964233,2.5123180508613587,2.545783004760742,511047800.0
2017-04-27,2.6051790714263916,2.613563645110363,2.554624214901773,2.5726266714166894,319700000,2.5005672454833983,2.5102218985557556,2.5443019390106203,509533200.0
2017-04-28,2.5721325874328613,2.6051781584092337,2.5664604021578388,2.5982731347889225,348248000,2.522293519973755,2.503933382034302,2.5420515727996826,500669000.0
2017-05-01,2.6298396587371826,2.6350186630851518,2.5758322930199613,2.5829840274197338,307732000,2.540567231178284,2.501109707355499,2.5418173599243166,494015200.0
2017-05-02,2.551910638809204,2.6041919722922655,2.5292226017070245,2.6029588986776666,629972000,2.5509001493453978,2.495067763328552,2.5400344562530517,503252200.0
2017-05-03,2.570899724960327,2.5805173700253965,2.5302092358682104,2.545005649073663,336904000,2.562170147895813,2.49934641122818,2.5367397594451906,456533400.0
2017-05-04,2.5610358715057373,2.5881627911393323,2.5531442457607394,2.5770653614744994,209788000,2.568557333946228,2.504056656360626,2.5333316278457643,429670400.0
2017-05-05,2.5612826347351074,2.5684343699283776,2.533909003158433,2.549445547556559,228428000,2.573933410644531,2.507879102230072,2.5349937725067138,409335800.0
2017-05-08,2.5344018936157227,2.57459896914308,2.52305775618023,2.5731194217478963,365240000,2.573489475250244,2.5108877420425415,2.535639886856079,406144400.0
2017-05-09,2.5385940074920654,2.587669307072764,2.531688982760367,2.540073790040153,847672000,2.5690504550933837,2.517262578010559,2.534914855957031,410711400.0
2017-05-10,2.991122245788574,3.004192641470228,2.8118375743776167,2.8184958914652154,2129096000,2.6116398334503175,2.54583226442337,2.5446855068206786,486258800.0
2017-05-11,3.119605302810669,3.216522836504817,2.957090028573846,2.9605425412339867,1939792000,2.663082456588745,2.581824851036072,2.5563797187805175,562543800.0
2017-05-12,3.153883457183838,3.196053728961062,3.1018490666667966,3.1228108481545926,962620000,2.721257543563843,2.6217755317687987,2.5706287813186646,585330200.0
2017-05-15,3.3122072219848633,3.3146733697717745,3.1906289112707475,3.1950680243241476,1087540000,2.7894942998886108,2.665030765533447,2.5883254384994507,614842600.0
2017-05-16,3.373859405517578,3.3893959479666393,3.288779426054846,3.363255158496102,1120700000,2.8716891765594483,2.7112946629524233,2.607630000114441,652371800.0
2017-05-17,3.1496918201446533,3.32577067322224,3.1454994161032084,3.307028327049749,1271368000,2.929568386077881,2.7458692669868467,2.6219234704971313,696898800.0
2017-05-18,3.281627655029297,3.2905056455887096,3.1331689039446218,3.1935881111475597,1156032000,3.001627564430237,2.7850924491882325,2.6389444351196287,734499600.0
2017-05-19,3.3574166297912598,3.4122213120608347,3.338160841532898,3.3828440454494517,1018372000,3.0812409639358522,2.8275871872901917,2.657491030693054,768323400.0
2017-05-22,3.4290084838867188,3.443326781433547,3.390249939890111,3.4011123239638987,836608000,3.1707016229629517,2.872095549106598,2.677183403968811,791562800.0
2017-05-23,3.3828439712524414,3.450979781572394,3.350257289596485,3.448758005174486,681248000,3.255126619338989,2.9120885372161864,2.6946060132980345,806203200.0
2017-05-24,3.4208619594573975,3.4825791758970714,3.408765202339604,3.479863462046548,815996000,3.2981005907058716,2.9548702120780943,2.712823495864868,830652800.0
2017-05-25,3.413208484649658,3.456904278711053,3.3682783181905873,3.456163608185955,608228000,3.3274609088897704,2.995271682739258,2.730508131980896,845079200.0
2017-05-26,3.501587390899658,3.586510232150632,3.3848185430376834,3.405061731913186,779140000,3.3622313022613524,3.041744422912598,2.7493388986587526,866623800.0
2017-05-30,3.5763885974884033,3.611443782360815,3.5314584341121367,3.5475048033160093,989652000,3.3886494398117066,3.0890718698501587,2.7685510110855103,900719800.0
2017-05-31,3.563551664352417,3.6289717536203563,3.506771711032123,3.6213187859887,887316000,3.4076186656951903,3.1396539211273193,2.785839309692383,913587000.0
2017-06-01,3.563798666000366,3.580338974911299,3.5183747940957675,3.579351335655995,503340000,3.4490293502807616,3.1892988681793213,2.8048785448074343,921908800.0
2017-06-02,3.5460238456726074,3.587003925183264,3.5400989524961988,3.560835843181173,487456000,3.475468969345093,3.2385482668876646,2.8224969244003297,935792200.0
2017-06-05,3.6539058685302734,3.6667430604111795,3.518128185355483,3.529731004697938,817376000,3.505117893218994,3.293179428577423,2.842756290435791,965239600.0
2017-06-06,3.6373655796051025,3.695379672890449,3.6240346865827777,3.649215131495794,758728000,3.5259536027908327,3.348327612876892,2.8624974346160887,984914000.0
2017-06-07,3.6813082695007324,3.7000703551013854,3.6462530787704157,3.6618057487345164,612612000,3.555800032615662,3.4054633259773253,2.882732729911804,973161000.0
2017-06-08,3.948420286178589,3.949901391843324,3.747222052189387,3.7884491027637175,1161744000,3.608555865287781,3.4533282279968263,2.9085864782333375,924793400.0
2017-06-09,3.693157434463501,4.159739573586649,3.524052194766497,4.066917035945914,3692928000,3.636550760269165,3.4820058345794678,2.9295075845718386,1012450200.0
2017-06-12,3.702291965484619,3.745000358092621,3.5082532286339285,3.601322746434236,1697532000,3.656621217727661,3.5094262599945067,2.949595365524292,1049195800.0
2017-06-13,3.7375941276550293,3.820788896032768,3.595644363703571,3.811654587451056,1672504000,3.6727417707443237,3.530695605278015,2.970620985031128,1078444000.0
2017-06-14,3.7454943656921387,3.8032617303827925,3.6660027030744398,3.74055711086599,1184640000,3.690936040878296,3.549277353286743,2.9920758819580078,1081641000.0
2017-06-15,3.7615411281585693,3.791905799853403,3.61662889082201,3.627984977624003,963824000,3.710710287094116,3.579869818687439,3.017600169181824,1066263800.0
2017-06-16,3.743025064468384,3.8190608022140324,3.708957281388614,3.771168189723489,924960000,3.730410408973694,3.602939689159393,3.0431240510940554,1054710200.0
2017-06-19,3.8837413787841797,3.8889256027587478,3.7835125777441605,3.787215460335987,778176000,3.7533939599990847,3.6292559266090394,3.071102204322815,1042700400.0
2017-06-20,3.8780622482299805,3.9928562885387913,3.87386566470351,3.9259548601395835,1095444000,3.7774636268615724,3.6517086148262026,3.099178867340088,1055642200.0
2017-06-21,3.9368174076080322,3.9405205250834205,3.843747887705425,3.9057120683716993,682652000,3.803014540672302,3.6794072866439818,3.1296932697296143,1055712400.0
2017-06-22,3.9096620082855225,3.958295296755448,3.885715699349796,3.9449641677128904,469132000,3.7991387128829954,3.703847289085388,3.1594919395446777,1038369200.0
2017-06-23,3.797583818435669,3.933114771721947,3.782524614352754,3.9173151324435977,1088588000,3.8095813512802126,3.7230660557746886,3.1874485445022582,1062387200.0
2017-06-26,3.7561094760894775,3.8659660356572325,3.6618055857937706,3.83041690915507,1063960000,3.8149631023406982,3.7357921600341797,3.215473337173462,1076628200.0
2017-06-27,3.6186041831970215,3.747222852124148,3.6129262571214094,3.7385824786541906,999492000,3.8030641078948975,3.7379029393196106,3.2389033699035643,1077120200.0
2017-06-28,3.746234178543091,3.7509246990418164,3.598112800754038,3.6862450511447418,994948000,3.803138089179993,3.7470370650291445,3.264856424331665,1082501800.0
2017-06-29,3.621072769165039,3.720807630464189,3.5568868041678074,3.7178454186327867,1064424000,3.7890912532806396,3.749900770187378,3.2881138849258424,1110556000.0
2017-06-30,3.5687363147735596,3.6519310940765006,3.5425682288445257,3.638353231462359,731060000,3.771662378311157,3.7510363936424254,3.309545331001282,1122736200.0
2017-07-03,3.4396231174468994,3.5956442016330143,3.4211080033324457,3.580832204514431,709072000,3.7272505521774293,3.7403222560882567,3.328187355995178,1117321000.0
2017-07-05,3.531458616256714,3.5603421764864107,3.484059705809756,3.5030685224587272,820188000,3.6925901889801027,3.7350269079208376,3.3480397033691407,1120394000.0
2017-07-06,3.542073965072632,3.588979175908668,3.4502388218170346,3.5023282556245587,746284000,3.6531158447265626,3.7280651926994324,3.36722149848938,1127077600.0
2017-07-07,3.623047113418579,3.64131549663618,3.5758951673646506,3.598854071863832,654972000,3.6244543552398683,3.711796534061432,3.3883778715133666,1101739000.0
2017-07-10,3.794374465942383,3.801780466047687,3.67044633021963,3.6966144169953705,958492000,3.6241334199905397,3.716857385635376,3.4121617794036867,965017200.0
2017-07-11,3.848191738128662,3.8558447064423387,3.7561096205541578,3.79807734422546,757956000,3.633341646194458,3.724152374267578,3.4376829624176026,918038400.0
2017-07-12,4.011866092681885,4.0239626152441375,3.8649792764180715,3.907934409437304,1145208000,3.6726678371429444,3.7378659725189207,3.4653234910964965,891673600.0
2017-07-13,3.9654548168182373,4.105429334703045,3.9190435344199077,4.023962621798524,1369132000,3.694589900970459,3.748863995075226,3.493594374656677,900898200.0
2017-07-14,4.072100639343262,4.073581509199504,3.974834093650425,3.98174638919562,941948000,3.7396926879882812,3.7643919706344606,3.523618392944336,899804400.0
2017-07-17,4.054821491241455,4.135054072029849,3.9931042662857856,4.1061702676076175,930792000,3.788301205635071,3.779981791973114,3.55349410533905,900096000.0
2017-07-18,4.0970354080200195,4.1116006732532115,3.9819941563952743,3.993843943511251,776640000,3.8540424346923827,3.790646493434906,3.5842091608047486,900019200.0
2017-07-19,4.075803756713867,4.132583465090212,4.063707238808071,4.1061684180681315,687044000,3.908476948738098,3.8005335688591004,3.6150371980667115,879599200.0
2017-07-20,4.135055065155029,4.135301798504973,4.046429293412347,4.09629674028105,699596000,3.967775058746338,3.81044545173645,3.6469664192199707,880446400.0
2017-07-21,4.14986515045166,4.179489619016848,4.100244459895567,4.114562992274154,648332000,4.020456862449646,3.822455608844757,3.6701412773132325,889406400.0
2017-07-24,4.101726531982422,4.166653170295276,4.091111350573416,4.157025392870243,652524000,4.05119206905365,3.8376627445220945,3.6897837018966673,867603200.0
2017-07-25,4.0819783210754395,4.096296860500352,4.038282502729147,4.0787689039712856,496556000,4.074570727348328,3.8539561867713927,3.7083455991744994,839233000.0
2017-07-26,4.129128456115723,4.195042489830768,4.094319762738684,4.139496902895059,640404000,4.086296963691711,3.879482400417328,3.7246840238571166,821278600.0
2017-07-27,3.992856502532959,4.16566487615709,3.8896652744179567,4.154061822378511,782856000,4.089037132263184,3.8918135166168213,3.7370639657974243,810674000.0
2017-07-28,4.058276176452637,4.082716418498633,3.932126528698779,3.957060001715649,513348000,4.087654685974121,3.913673686981201,3.755235652923584,783120200.0
2017-07-31,4.011866092681885,4.107898073356324,3.965208077084623,4.071855238944093,559672000,4.083359146118164,3.9358301758766174,3.7698404216766357,774550800.0
2017-08-01,4.060744285583496,4.0624723594544525,3.974587325198705,4.002483240297059,431384000,4.079730033874512,3.9668862342834474,3.7839069747924805,760666400.0
2017-08-02,4.058276176452637,4.095800341159881,3.981253510559987,4.091850726473785,478444000,4.077977275848388,3.9932271122932432,3.796492328643799,743579200.0
2017-08-03,4.1098737716674805,4.113576654623484,4.040750307676583,4.057784322658325,442420000,4.075459146499634,4.021617102622986,3.8110329246520998,728386000.0
2017-08-04,4.127894401550293,4.19849872270655,4.109872985949921,4.132584687673547,589096000,4.073262071609497,4.046859467029572,3.8251735734939576,725092200.0
2017-08-07,4.254785537719727,4.255279004289338,4.14739722983332,4.157025478321307,717412000,4.0885679721832275,4.069880020618439,3.842005114555359,713038200.0
2017-08-08,4.204176425933838,4.309342225598021,4.1649241832628,4.292802153043313,755336000,4.100787782669068,4.087679255008697,3.8560568952560423,712907200.0
2017-08-09,4.248861312866211,4.251330058698725,4.139251446401197,4.158013538036211,530784000,4.112761068344116,4.099529016017914,3.869506349563599,682186000.0
2017-08-10,4.0669169425964355,4.2624369918785945,4.0567952311374835,4.250093269051258,1328088000,4.1201671123504635,4.104602122306824,3.879573655128479,680133800.0
2017-08-11,3.8501665592193604,3.925214665998029,3.7748717191969616,3.8792970913884313,1497196000,4.099356150627136,4.093505418300628,3.885301012992859,707896200.0
2017-08-14,4.157271385192871,4.160974267189058,3.930152029082633,3.941754847840141,1279020000,4.113896679878235,4.098627912998199,3.897525963783264,725307600.0
2017-08-15,4.122214317321777,4.188621787875109,4.0878995766295665,4.162453949365463,764532000,4.120043683052063,4.099886858463288,3.9068921327590944,724702200.0
2017-08-16,4.077038288116455,4.160726988839538,4.044698816465775,4.137274621161352,596632000,4.121919894218445,4.099948585033417,3.9156855869293214,720181600.0
2017-08-17,3.986191749572754,4.085679880633696,3.9839702083477646,4.068646338070324,525444000,4.1095516920089725,4.092505419254303,3.9217832565307615,711474000.0
2017-08-18,3.9869322776794434,4.057537074235161,3.941014698480645,4.040503061415968,601204000,4.095455479621887,4.0843587756156925,3.922553496360779,709117600.0
2017-08-21,3.928917646408081,4.022727835465108,3.8849751164445516,4.011371985405311,623672000,4.062868690490722,4.075718331336975,3.9272687005996705,707675000.0
2017-08-22,4.01638650894165,4.022316620004615,3.94621415640269,3.965486899537427,450456000,4.044089698791504,4.072438740730286,3.933550591468811,705370000.0
2017-08-23,4.0966901779174805,4.107809078484866,3.9743822716762427,3.983030724366112,579520000,4.0288725852966305,4.070816826820374,3.94073251247406,702325800.0
2017-08-24,4.0816168785095215,4.133258277167627,4.055179038616822,4.128810340825738,469700000,4.0303425788879395,4.0752548456192015,3.947454962730408,686668000.0
2017-08-25,4.047519207000732,4.115962190586462,4.041094724447501,4.105831565809154,357200000,4.0500778436660765,4.074716997146607,3.953174524307251,678860600.0
2017-08-28,4.076181888580322,4.079394130546012,4.01095113227823,4.066545633962884,389496000,4.041968894004822,4.0779327869415285,3.9598376607894896,670351800.0
2017-08-29,4.069509506225586,4.091253400781309,4.009220602178265,4.01737468045654,324096000,4.036698412895203,4.078371047973633,3.963553023338318,664987400.0
2017-08-30,4.093724250793457,4.104843148354401,4.058884912761297,4.089276314745469,384400000,4.0383670091629025,4.080143451690674,3.9678662633895874,660285200.0
2017-08-31,4.186626434326172,4.190579524912074,4.106570694610303,4.1139829750985095,612684000,4.058410477638245,4.083981084823608,3.97286244392395,668798400.0
2017-09-01,4.2118306159973145,4.247411272291153,4.190581096650671,4.199229545929437,445432000,4.080900311470032,4.088177895545959,3.978905816078186,661615200.0
2017-09-05,4.0994062423706055,4.16537829384801,4.041341317225935,4.160436457709909,695364000,4.0979491710662845,4.080408930778503,3.9849422645568846,660512800.0
2017-09-06,4.096938133239746,4.146108635351039,4.0620992485226335,4.13227186170115,397672000,4.106004333496093,4.075047016143799,3.9917588376998903,642629600.0
2017-09-07,4.115962982177734,4.148330937804109,4.075687897075969,4.1137390136478516,352868000,4.107931613922119,4.068402099609375,4.001706013679504,633733800.0
2017-09-08,4.044553756713867,4.119173798157166,4.0203394154162595,4.104348758565908,498856000,4.104225301742554,4.067283940315247,4.00767240524292,592272200.0
2017-09-11,4.175755500793457,4.186380494686599,4.084827797455463,4.09026400524244,567444000,4.117048931121826,4.083563387393951,4.018766059875488,545784600.0
2017-09-12,4.190828800201416,4.200465051865915,4.125598063888678,4.200465051865915,411488000,4.128513622283935,4.085241258144379,4.031207909584046,502408000.0
2017-09-13,4.2096076011657715,4.2385163575226885,4.133257964322512,4.165625912274932,580960000,4.1425234317779545,4.089610922336578,4.046607599258423,493229400.0
2017-09-14,4.185640335083008,4.263719570048747,4.1461065810203195,4.170567873379828,513712000,4.151715040206909,4.095041024684906,4.059691233634949,489083400.0
2017-09-15,4.4502692222595215,4.4502692222595215,4.265942855645852,4.2711316429367185,1364792000,4.178079319000244,4.118244898319245,4.077855138778687,531050800.0
2017-09-18,4.6341023445129395,4.724289239187533,4.567636366666081,4.574554751404348,1684460000,4.220306491851806,4.150603401660919,4.098076243400573,585213600.0
2017-09-19,4.629159927368164,4.690931474960355,4.561705220196398,4.583696064570076,874280000,4.273281860351562,4.185615515708923,4.11477195262909,597744000.0
2017-09-20,4.591850280761719,4.680307099640731,4.551575199994614,4.632866684292331,724920000,4.322773075103759,4.214388704299926,4.12964512348175,611467200.0
2017-09-21,4.466329574584961,4.514264350953737,4.3884973005948735,4.488072995000706,1075600000,4.357809734344483,4.2328706741333,4.138734393119812,636271200.0
2017-09-22,4.4228434562683105,4.50462931571811,4.412960252058781,4.454964930328351,491232000,4.395638704299927,4.24993200302124,4.147882165908814,637347800.0
2017-09-25,4.225175380706787,4.3931941224733215,4.20442022417132,4.391958427186401,874580000,4.40058069229126,4.258814811706543,4.150943660736084,663216800.0
2017-09-26,4.2488932609558105,4.414935373863232,4.209112563893136,4.359835267504038,1125620000,4.406387138366699,4.267450380325317,4.154825096130371,700023000.0
2017-09-27,4.342045783996582,4.35538864993813,4.268414013405476,4.339327914969848,713720000,4.4196309566497805,4.281077194213867,4.1597253036499025,719504200.0
2017-09-28,4.3408098220825195,4.353163941477248,4.293368947940803,4.349210378205623,435244000,4.435147905349732,4.2934314727783205,4.165025424957276,722046400.0
2017-09-29,4.417160511016846,4.4408804825127755,4.379603300382175,4.4248202176931155,619092000,4.431837034225464,4.304958176612854,4.170667533874512,722366800.0
2017-10-02,4.4228434562683105,4.49647523631163,4.37342649266149,4.46731905341016,503480000,4.410711145401001,4.3155088186264035,4.176127099990845,725269200.0
2017-10-03,4.431987285614014,4.4618848012663594,4.387758624239444,4.429021993467471,390332000,4.390993881225586,4.332137870788574,4.182732315063476,710017600.0
2017-10-04,4.469048023223877,4.491285818678514,4.401593314174209,4.43816224856794,427848000,4.378713655471802,4.350743365287781,4.1904737091064455,711526400.0
2017-10-05,4.466577053070068,4.496968926437225,4.43667955191421,4.493509734796688,437364000,4.3787384033203125,4.368274068832397,4.197222681045532,715751200.0
2017-10-06,4.479671478271484,4.493014340867663,4.422841779591674,4.438902510533154,318800000,4.3844212055206295,4.390029954910278,4.2069589805603025,706748400.0
2017-10-09,4.58073091506958,4.613840657881345,4.49770984321045,4.516488447040463,563492000,4.419976758956909,4.410278725624084,4.217408075332641,706550800.0
2017-10-10,4.668199062347412,4.767527811217,4.626935715969351,4.729970606690063,974876000,4.4619073390960695,4.434147238731384,4.2305347347259525,734720200.0
2017-10-11,4.7178635597229,4.719346205013779,4.63879605630864,4.684753818810418,529508000,4.499489116668701,4.459560036659241,4.243677120208741,732147600.0
2017-10-12,4.720086574554443,4.770986163561574,4.692906949014234,4.721321797861089,528292000,4.537416791915893,4.4862823486328125,4.256913328170777,732876600.0
2017-10-13,4.808050632476807,4.818181257915022,4.735407600980414,4.782353643146508,628728000,4.57650580406189,4.504171419143677,4.270876865386963,696073400.0
2017-10-16,4.8905768394470215,4.893542130140513,4.774693448806004,4.837947642432676,576640000,4.623279142379761,4.516995143890381,4.286130514144897,640682400.0
2017-10-17,4.886129379272461,4.914544234954356,4.8515374630126775,4.86982169428149,478596000,4.668693351745605,4.5298436164855955,4.298757390975952,620898200.0
2017-10-18,4.88192892074585,4.895765687407841,4.776670525415842,4.895024836004821,567316000,4.709981441497803,4.544347548484803,4.3123124408721925,613018000.0
2017-10-19,4.887365341186523,4.892306707151107,4.7551742582232475,4.8043442663475115,570772000,4.752060270309448,4.56539933681488,4.325082521438599,587776600.0
2017-10-20,4.86512565612793,4.93159159752367,4.856230258285973,4.904412445791567,451620000,4.790605688095093,4.587513446807861,4.341046695709228,585796000.0
2017-10-23,4.85821008682251,4.913310215881476,4.837948833029161,4.886871899995892,428696000,4.818353605270386,4.6191651821136475,4.3612075662612915,563501800.0
2017-10-24,4.909109115600586,4.910838711631505,4.841407448619202,4.867351389082988,407244000,4.842444610595703,4.652175974845886,4.3762443208694455,527583000.0
2017-10-25,4.785070896148682,4.9224512268176905,4.72354677125255,4.869574609468413,828160000,4.849165344238282,4.674327230453491,4.389501452445984,533305000.0
2017-10-26,4.835230350494385,4.8468431503510025,4.7887782085087744,4.812745602263417,322744000,4.860679721832275,4.699048256874084,4.404665293693543,527680000.0
2017-10-27,4.987681865692139,4.987928816145261,4.861420434781857,4.887364842023943,572192000,4.878642845153808,4.727574324607849,4.42469509601593,525335000.0
2017-10-30,5.036604881286621,5.092198894717605,4.971868045803476,4.987681828997304,504056000,4.893245649337769,4.758262395858765,4.445688548088074,525363800.0
2017-10-31,5.109990119934082,5.136675383017513,5.0627966550892,5.068479815421982,411908000,4.915631723403931,4.792162537574768,4.469309997558594,526442600.0
2017-11-01,5.119625091552734,5.188068063787097,5.055382633072778,5.172748653925017,502576000,4.939401340484619,4.824691390991211,4.4913747692108155,530179000.0
2017-11-02,5.0884928703308105,5.134698054884248,5.031910111229051,5.089975515631856,342308000,4.959514093399048,4.855787181854248,4.511210823059082,525426200.0
2017-11-03,5.156441688537598,5.156441688537598,5.0736680392137385,5.119625803915251,353640000,4.988645696640015,4.889625692367554,4.532707319259644,527168200.0
2017-11-06,5.179667949676514,5.188315929143109,5.1072718726334285,5.119625994362984,389944000,5.020791482925415,4.919572544097901,4.555350294113159,518490800.0
2017-11-07,5.238968849182129,5.26046579498516,5.190293211213077,5.2024003830831145,427700000,5.053777456283569,4.948111033439636,4.578606033325196,491132000.0
2017-11-08,5.168054580688477,5.238227153146508,5.120614174092398,5.234520540012803,522988000,5.092075824737549,4.970620584487915,4.600576934814453,490806000.0
2017-11-09,5.073173522949219,5.098129186527241,4.950866123498847,5.0719382993691005,978564000,5.115870141983033,4.988274931907654,4.620165920257568,513319600.0
2017-11-10,5.34052038192749,5.403033244975711,5.229084470138853,5.264912076717705,1253256000,5.151153993606568,5.014898419380188,4.6432437992095945,544546000.0
2017-11-13,5.253794193267822,5.36597097797907,5.238474780414505,5.340521411330082,582376000,5.172872924804688,5.033059287071228,4.664083070755005,544832800.0
2017-11-14,5.2920918464660645,5.307411258139312,5.21920140142691,5.262935668450402,529292000,5.191083097457886,5.053357410430908,4.687936782836914,547367600.0
2017-11-15,5.188315391540527,5.23822718807824,5.134450973952631,5.236991493265603,501948000,5.197952127456665,5.0686767339706424,4.7097643280029295,544099200.0
2017-11-16,5.228590965270996,5.292586484093557,5.219696035398935,5.262442031438761,441768000,5.211961936950684,5.085738015174866,4.732016887664795,537649000.0
2017-11-17,5.222413539886475,5.321000969417621,5.207341550250995,5.2856677315907605,515664000,5.218559122085571,5.103602409362793,4.755574083328247,540851200.0
2017-11-20,5.289621353149414,5.301728523593424,5.201164075467091,5.237979958998255,396100000,5.229554462432861,5.125172972679138,4.777851400375366,539221400.0
2017-11-21,5.338297367095947,5.349910637450724,5.297528388174567,5.329402437111528,399176000,5.2394873142242435,5.146632385253906,4.800800771713257,538818000.0
2017-11-22,5.31431245803833,5.365495009081491,5.28167443257492,5.365495009081491,356640000,5.254113101959229,5.173094463348389,4.822894868850708,515242000.0
2017-11-24,5.364506244659424,5.365495676008347,5.306153375419695,5.33063213336338,180752000,5.283246374130249,5.199558258056641,4.846472187042236,508142400.0
2017-11-27,5.294779300689697,5.374396450039956,5.291564828023552,5.373160368341311,422896000,5.2786722660064695,5.2149131298065186,4.86336238861084,500677600.0
2017-11-28,5.209970951080322,5.309368731594235,5.148898314487872,5.29997290507178,512752000,5.274289941787719,5.223581433296204,4.874879760742187,501112400.0
2017-11-29,4.856640338897705,5.19538344090584,4.728313223458436,5.192663682889706,1396788000,5.230744791030884,5.210913944244385,4.879429368972779,550356400.0
2017-11-30,4.962713241577148,5.011423173774736,4.862326968956938,4.925377527753395,823768000,5.2081845760345455,5.203068351745605,4.886846628189087,566416000.0
2017-12-01,4.887794017791748,4.94837241002258,4.758972676179612,4.928097081385295,811548000,5.174104881286621,5.1930334091186525,4.8952759170532225,589878000.0
2017-12-04,4.615315914154053,4.952575758914829,4.561908307442845,4.94639393431378,1240844000,5.113395118713379,5.165977120399475,4.899125366210938,634238200.0
2017-12-05,4.642019748687744,4.764659735934192,4.4649831944785285,4.509983935048718,981488000,5.048634958267212,5.139094710350037,4.907462253570556,663815400.0
2017-12-06,4.679601669311523,4.701360195335708,4.570313380373352,4.591577662400888,467032000,4.98276538848877,5.111126351356506,4.916076421737671,665782000.0
2017-12-07,4.747104644775391,4.786913467832279,4.700867345961926,4.746362806879045,542600000,4.926044607162476,5.090078854560852,4.924177598953247,666762600.0
2017-12-08,4.734740257263184,4.816088200791519,4.726333392897297,4.797048959160463,466876000,4.863068008422852,5.07315719127655,4.93205620765686,641178200.0
2017-12-11,4.813121795654297,4.816089146769523,4.7330103896479025,4.748834690239173,372748000,4.814902257919312,5.046787261962891,4.939975433349609,597152800.0
2017-12-12,4.718669414520264,4.792847063420354,4.695180085085747,4.769604856049477,455016000,4.765772104263306,5.0200310230255125,4.945891952514648,590784800.0
2017-12-13,4.6034464836120605,4.760949513013833,4.596028578615937,4.759713431317931,554280000,4.740452718734741,4.985598754882813,4.94932113647461,592034200.0
2017-12-14,4.610616207122803,4.681579360556406,4.5643789289167875,4.597016952167287,438164000,4.705243015289307,4.956713795661926,4.952152500152588,588845000.0
2017-12-15,4.736472129821777,4.7567474577063455,4.589600978512058,4.654629923695984,670036000,4.69011082649231,4.932107853889465,4.957550401687622,600258400.0
2017-12-18,4.893233299255371,4.896200178536844,4.747351123426685,4.7770218026691955,477704000,4.717902565002442,4.9156488418579105,4.9658216381072995,598360400.0
2017-12-19,4.848974227905273,4.889030166104409,4.820539628719538,4.8838377733385006,373100000,4.738598012924195,4.893616485595703,4.971186504364014,597210400.0
2017-12-20,4.866034507751465,4.897435982696399,4.81040139781696,4.888287751725267,288820000,4.757241296768188,4.870003342628479,4.975143213272094,591692600.0
2017-12-21,4.84353494644165,4.894469916733646,4.835128080146963,4.869496911522012,300904000,4.7668843269348145,4.846464467048645,4.97765664100647,588905800.0
2017-12-22,4.828204154968262,4.837599979702338,4.72880639337348,4.8066927483730995,466276000,4.776230716705323,4.819649362564087,4.979818992614746,603182000.0
2017-12-26,4.881858825683594,4.889523852932078,4.742899847109419,4.772818118420354,355080000,4.783104419708252,4.799003338813781,4.981295156478882,599791200.0
2017-12-27,4.875181674957275,4.9444140268366965,4.853917866934583,4.8685060805072835,329488000,4.798755645751953,4.782263875007629,4.980987253189087,590628000.0
2017-12-28,4.880871295928955,4.92982835288796,4.874689942235522,4.898921112813734,240248000,4.826498126983642,4.783475422859192,4.980882091522217,532801000.0
2017-12-29,4.784439563751221,4.9070795308792565,4.784439563751221,4.9070795308792565,279964000,4.843880462646484,4.774561738967895,4.978932304382324,505610800.0
2018-01-02,4.929083824157715,4.932793011634542,4.80916411882773,4.8408127079179994,355616000,4.863141632080078,4.776626229286194,4.979766674041748,482814200.0
2018-01-03,5.253489017486572,5.283902013612867,5.037880173112066,5.046534162674737,914704000,4.899167203903199,4.80853488445282,4.987533941268921,466507200.0
2018-01-04,5.281179428100586,5.3914566727145115,5.258926187264807,5.334834611060095,583268000,4.94238772392273,4.840492868423462,4.995993328094483,446596200.0
2018-01-05,5.325933933258057,5.3632696357852,5.219118274303187,5.296015663870314,580124000,4.988377666473388,4.872809481620789,5.004329824447632,452250800.0
2018-01-08,5.489125728607178,5.563302912126046,5.404563286652918,5.449564501182844,881216000,5.052936744689942,4.909910535812378,5.018410921096802,469181600.0
2018-01-09,5.487641334533691,5.534125747091946,5.406046254701231,5.494564524846327,497000000,5.1188804626464846,4.947555589675903,5.031459140777588,470687800.0
2018-01-10,5.530664920806885,5.534126516444433,5.3407709333075175,5.395167503555696,582664000,5.183761072158814,4.983432745933532,5.042318801879883,481183600.0
2018-01-11,5.540555000305176,5.594704443939573,5.5190431188052544,5.563302492133719,406032000,5.250298404693604,5.0245270252227785,5.052397804260254,478734400.0
2018-01-12,5.513354778289795,5.563053651351608,5.472804606510232,5.528684830554388,359916000,5.313546752929687,5.070022439956665,5.060465097427368,469016200.0
2018-01-16,5.442391872406006,5.625362605155356,5.357829930708117,5.53981170384797,702348000,5.379341983795166,5.111611223220825,5.066920433044434,482225400.0
2018-01-17,5.55637788772583,5.566267955515429,5.363022369950755,5.456980136182887,538408000,5.442071390151978,5.152606511116028,5.076278133392334,475644000.0
2018-01-18,5.549455165863037,5.603851722301328,5.505937637748255,5.537091990576893,408632000,5.471668004989624,5.185417604446411,5.084138402938843,472190400.0
2018-01-19,5.68964958190918,5.713880742480691,5.612752668233302,5.639703585578186,609380000,5.512515020370484,5.227451372146606,5.094338035583496,484004400.0
2018-01-22,5.778167724609375,5.779898521760923,5.639950602869832,5.697561624459998,550944000,5.557738399505615,5.273058032989502,5.105122013092041,497110600.0
2018-01-23,5.907238006591797,5.929985496905558,5.813032629054478,5.831576686495855,475228000,5.599549627304077,5.32624318599701,5.119905681610107,505826800.0
2018-01-24,5.830340385437012,5.9463042891241145,5.77470727199061,5.9104517858356616,579972000,5.633819532394409,5.376349997520447,5.135049018859863,511511600.0
2018-01-25,5.843940258026123,5.928007977941579,5.829104916748983,5.884737564440009,409884000,5.665147066116333,5.424454069137573,5.145117416381836,514251800.0
2018-01-26,6.0165276527404785,6.016774774863938,5.874848860825657,5.887706285352144,516356000,5.712744331359863,5.481521368026733,5.160372085571289,523595200.0
2018-01-29,6.103560447692871,6.134715275397127,5.949271871110835,6.001937635695346,455116000,5.771764898300171,5.542655825614929,5.176601457595825,534338600.0
2018-01-30,6.001441478729248,6.092927077047073,5.894873421690981,5.961633144387217,570832000,5.827669858932495,5.603505921363831,5.1928639793396,548882000.0
2018-01-31,6.077597141265869,6.163395634205631,6.044217279277701,6.076855303674106,478576000,5.879791784286499,5.660931587219238,5.209844102859497,555030000.0
2018-02-01,5.946551322937012,6.104796673459712,5.886220533591419,5.897594278151927,519224000,5.919501399993896,5.69558470249176,5.224326858520508,535256000.0
2018-02-02,5.773966312408447,5.8839964742285655,5.715861026511327,5.860012427708611,718464000,5.927933073043823,5.720224046707154,5.234013757705688,542015800.0
2018-02-05,5.283900737762451,5.766795125188058,5.068786189529041,5.612753676560302,1165204000,5.878506374359131,5.718122386932373,5.232925825119018,571269800.0
2018-02-06,5.577643394470215,5.580610273976281,5.04406065572031,5.05395119728782,1114800000,5.845546913146973,5.722548270225525,5.238192443847656,582949000.0
2018-02-07,5.6572585105896,5.80981672341025,5.605334596628706,5.676544872637108,802932000,5.8282387256622314,5.73102912902832,5.24404748916626,598245600.0
2018-02-08,5.378353118896484,5.815999168461384,5.3781055252547265,5.782866894731704,1144000000,5.781680011749268,5.7234135389328005,5.245718965530395,626312400.0
2018-02-09,5.73836088180542,5.906743436472376,5.378353565879385,5.890919136003815,1674604000,5.753863334655762,5.733303833007812,5.256286764144898,689741000.0
2018-02-12,5.638219356536865,5.822426620719547,5.564042206920927,5.819459270635092,1093172000,5.707329225540161,5.739547061920166,5.2719183444976805,726403800.0
2018-02-13,5.751959323883057,5.798196608447049,5.5694828206505385,5.6018737263687415,625524000,5.682381010055542,5.755025434494018,5.287703266143799,722562600.0
2018-02-14,5.969298839569092,5.99822815030115,5.700529593122754,5.711656214819168,744988000,5.671551179885864,5.775671482086182,5.309333362579346,732891600.0
2018-02-15,6.094906330108643,6.141143619170893,5.971772112245807,6.052625351790188,698900000,5.686386680603027,5.802944040298462,5.338925170898437,747405000.0
2018-02-16,6.0291361808776855,6.181446838564267,6.019987477323814,6.067708443106029,637656000,5.711903667449951,5.819918370246887,5.3666674995422365,748818800.0
2018-02-20,6.158698081970215,6.227682848500603,6.047926117107964,6.051635305141281,686240000,5.7993834018707275,5.838944888114929,5.39624942779541,755583600.0
2018-02-21,5.971523284912109,6.230155315132858,5.967814568585782,6.223232126466724,892292000,5.838771390914917,5.842159152030945,5.420737800598144,776436800.0
2018-02-22,5.9910688400268555,6.077167926689293,5.92550495086953,6.0054188451039066,534364000,5.872152423858642,5.850195574760437,5.445864372253418,774156400.0
2018-02-23,6.084590911865234,6.084590911865234,6.000223691426203,6.0509430283033305,415300000,5.942776203155518,5.862228107452393,5.471293754577637,774427200.0
2018-02-26,6.100673675537109,6.135311138358542,6.038325770558491,6.130857817695792,469312000,5.9790074825286865,5.866435408592224,5.4989338397979735,772075000.0
2018-02-27,6.087806701660156,6.1583189310988145,6.064797333593877,6.073951248189125,455436000,6.023966217041016,5.865647721290588,5.528621044158935,772091000.0
2018-02-28,5.987359046936035,6.138279755113741,5.97573048639036,6.098693949175323,523116000,6.047506189346313,5.864943599700927,5.556155900955201,769705200.0
2018-03-01,5.745143890380859,6.039068750054617,5.643952466131705,5.985132929081464,1040120000,6.02509069442749,5.848320937156677,5.576329336166382,797782400.0
2018-03-02,5.8522725105285645,5.858705452301736,5.488824985446422,5.637519282240814,913428000,6.000827312469482,5.843606996536255,5.595510120391846,817492600.0
2018-03-05,5.8302531242370605,5.869838933238156,5.678589633677815,5.802048129146265,620776000,5.98093900680542,5.846421337127685,5.615135698318482,812608200.0
2018-03-06,5.991317272186279,6.010615623691204,5.8725598558022165,5.915609407443938,636808000,5.9642009258270265,5.881792163848877,5.637641353607178,786188400.0
2018-03-07,5.983399868011475,6.035603805285602,5.887156807227892,5.88839365712254,581208000,5.965388584136963,5.90207998752594,5.660438652038574,759508800.0
2018-03-08,5.967072486877441,6.010864347810844,5.922785602698971,6.010864347810844,411912000,5.962988948822021,5.917570686340332,5.683216018676758,739957800.0
2018-03-09,6.069747447967529,6.082612387267655,5.998492899158838,6.014574309234023,505524000,5.961504602432251,5.9521404027938845,5.7069737911224365,708034000.0
2018-03-12,6.17935037612915,6.259511565192006,6.102900209034932,6.111065023645987,605060000,5.969372272491455,5.974189877510071,5.733057165145874,654556800.0
2018-03-13,6.128629207611084,6.296621799117841,6.087311539399535,6.222150802976712,619772000,5.973454523086548,5.998710370063781,5.758012323379517,630886800.0
2018-03-14,6.154114723205566,6.198896151115497,6.091766815634246,6.171680730966897,505496000,5.990130090713501,6.018818140029907,5.785405826568604,624885400.0
2018-03-15,6.168959617614746,6.250110387396966,6.126899635060524,6.167722767495541,401952000,6.03251166343689,6.02880117893219,5.810203342437744,607733600.0
2018-03-16,6.1971635818481445,6.2162141850524115,6.147681091117576,6.185287746320808,399456000,6.067000770568848,6.033914041519165,5.829076833724976,592761400.0
2018-03-19,5.962618350982666,6.169206765311428,5.863653826995832,6.140259942881576,713772000,6.080237293243409,6.030588150024414,5.842705612182617,596567200.0
2018-03-20,6.174896717071533,6.213740223501885,5.965586406547441,5.965586406547441,554696000,6.098595237731933,6.03139808177948,5.859684867858887,589990000.0
2018-03-21,6.149660587310791,6.234770111002701,6.1192287003997325,6.168463442632263,438688000,6.115221309661865,6.040304946899414,5.872895565032959,567309800.0
2018-03-22,5.983646869659424,6.132836159583547,5.9462879642314785,6.08632286651433,551196000,6.1168787479400635,6.039933848381042,5.882815675735474,568151400.0
2018-03-23,5.763946533203125,5.99972949823396,5.752812995670607,5.997255326348952,735620000,6.086298656463623,6.023901629447937,5.887481307983398,584167400.0
2018-03-26,6.048717498779297,6.049954348880114,5.8364384402133345,5.888394638649025,611424000,6.073235368728637,6.021303820610046,5.897644557952881,591273000.0
2018-03-27,5.579624176025391,6.185287518512538,5.439341994787923,6.1296198364659285,1409000000,6.018334865570068,5.9958946943283085,5.898969945907592,638951200.0
2018-03-28,5.476454257965088,5.675372867043692,5.368830374846065,5.545234632912422,945904000,5.950568819046021,5.970349454879761,5.899651193618775,660090600.0
2018-03-29,5.72980260848999,5.826540211014817,5.460371330994088,5.544738548181709,916628000,5.906653118133545,5.9695823907852175,5.9031196880340575,653916000.0
2018-04-02,5.4690327644348145,5.805512658200583,5.381201768368057,5.659292515201534,922092000,5.833840036392212,5.95042040348053,5.901511240005493,654349200.0
2018-04-03,5.575418949127197,5.699124717640159,5.476454428696839,5.636034983334573,667432000,5.795120096206665,5.937678694725037,5.8992266273498535,656682000.0
2018-04-04,5.597438335418701,5.607829573902521,5.2946064062187395,5.319594928082214,789168000,5.737374258041382,5.917984747886658,5.89561203956604,664300000.0
2018-04-05,5.47719669342041,5.668940539042922,5.405694869145443,5.655827852243719,701240000,5.670127868652344,5.892674589157105,5.887011213302612,670301600.0
2018-04-06,5.300790786743164,5.4826383761173,5.271596224461872,5.374519491067097,662988000,5.601842260360717,5.8593605041503904,5.876420221328735,682855400.0
2018-04-09,5.329491138458252,5.491793114192252,5.3094504901183965,5.363881321382225,499524000,5.558396720886231,5.822347688674927,5.866131238937378,682555400.0
2018-04-10,5.638754844665527,5.665722509629975,5.5026782544423645,5.559830526154076,761676000,5.517400455474854,5.795317912101746,5.858575782775879,690386200.0
2018-04-11,5.597438335418701,5.665229133075065,5.564780022498119,5.6239114547512985,460244000,5.519181871414185,5.768758368492127,5.848453340530395,682409800.0
2018-04-12,5.804275035858154,5.822088792958565,5.646179062354756,5.690465943500201,593920000,5.551963949203492,5.751266384124756,5.844510011672973,686831000.0
2018-04-13,5.72757625579834,5.8762705290209105,5.679331087747921,5.867858439681863,503036000,5.551741313934326,5.729197216033936,5.837509593963623,691885200.0
2018-04-16,5.727328300476074,5.760728906370044,5.633064399746422,5.734255791603718,350792000,5.577570867538452,5.705705451965332,5.833125133514404,689452000.0
2018-04-17,5.877014636993408,5.8982921424896535,5.72386699635559,5.779534696589896,447224000,5.607730436325073,5.701425266265869,5.835186100006103,676124600.0
2018-04-18,5.848065376281738,5.919319914293483,5.7589975576920445,5.826540602333397,391364000,5.632793140411377,5.68508369922638,5.8464693927764895,667958000.0
2018-04-19,5.666712284088135,5.767161377389937,5.611292355038832,5.733760771478999,471996000,5.651744699478149,5.660936284065246,5.848250770568848,669623400.0
2018-04-20,5.658550262451172,5.742422489008279,5.627376539583936,5.6580552392103645,386200000,5.6875206470489506,5.644681453704834,5.848276605606079,661373600.0
2018-04-23,5.539048194885254,5.727575522688347,5.513070103398596,5.67636163831464,427508000,5.70847635269165,5.63343653678894,5.851490507125854,645968000.0
2018-04-24,5.472743034362793,5.660775374439431,5.407426408131954,5.564780055697154,414596000,5.691875171661377,5.604637813568115,5.846178150177002,636126600.0
2018-04-25,5.36041784286499,5.482144448711219,5.2030642024710865,5.443053196239461,588492000,5.668173122406006,5.593677496910095,5.840622119903564,595101200.0
2018-04-26,5.572201251983643,5.580366064970977,5.456165300633017,5.522224215557993,375824000,5.644965744018554,5.598464846611023,5.837026958465576,566597200.0
2018-04-27,5.599664211273193,5.697886887926231,5.557356962747061,5.678093987243247,400848000,5.63217453956604,5.591957926750183,5.829634265899658,540808200.0
2018-04-30,5.564284324645996,5.6657229972684915,5.544986447487554,5.615993235183322,327844000,5.615870141983033,5.596720504760742,5.819021825790405,511095800.0
2018-05-01,5.619705677032471,5.622427124588568,5.497484037431019,5.556120921248939,253788000,5.590139245986938,5.598934841156006,5.810833215713501,490413600.0
2018-05-02,5.599170684814453,5.660775822223489,5.572944838862365,5.616242141461555,268248000,5.56524977684021,5.599021458625794,5.799642667770386,464367600.0
2018-05-03,5.764440059661865,5.7906658994606,5.585808939660896,5.6310853804974155,443144000,5.575022554397583,5.613383626937866,5.795501003265381,451462800.0
2018-05-04,5.9146199226379395,5.917836393254127,5.7184227654509865,5.735741496615026,400660000,5.60062952041626,5.644075083732605,5.793972024917602,438346400.0
2018-05-07,6.15263032913208,6.2097826189545415,6.009378927068057,6.019275615413101,687616000,5.661987733840943,5.685232043266296,5.79533281326294,447751000.0
2018-05-08,6.19518518447876,6.197906632137953,6.103889982729056,6.152877456294725,506616000,5.734231948852539,5.713053560256958,5.797223043441773,434998000.0
2018-05-09,6.328291893005371,6.330518789309754,6.188009695230388,6.215225114528196,596760000,5.831019353866577,5.7495962381362915,5.802032747268677,441823800.0
2018-05-10,6.435916423797607,6.4450703410873835,6.36342455286743,6.381238308088163,994080000,5.9173908710479735,5.781178307533264,5.811003894805908,461831800.0
2018-05-11,6.297366142272949,6.4275048628866776,6.198649361388514,6.254069308551706,1214456000,5.98716106414795,5.809667801856994,5.82204833984375,497402800.0
2018-05-14,6.317900657653809,6.395340870505359,6.294149456560401,6.33546713677606,523140000,6.06252269744873,5.839196419715881,5.831360902786255,506020200.0
2018-05-15,6.075438022613525,6.257038389058598,5.974988898324583,6.254316469360305,963528000,6.108095932006836,5.849117588996887,5.836264600753784,531835400.0
2018-05-16,6.086571216583252,6.148671376834147,5.999977083735753,6.03684144449626,553828000,6.156835985183716,5.861042881011963,5.838169679641724,539958600.0
2018-05-17,6.128629207611084,6.222398078527706,6.07221923659057,6.088301113503419,519784000,6.193254899978638,5.884138727188111,5.841074266433716,542348000.0
2018-05-18,6.0848388671875,6.243924387150148,6.079890523549154,6.180587381799405,483716000,6.210276794433594,5.905453157424927,5.843429594039917,547223800.0
2018-05-21,6.042778491973877,6.186029869136694,5.94999917841713,6.182318847602421,640624000,6.199291610717774,5.930639672279358,5.842890214920044,557879600.0
2018-05-22,6.004676818847656,6.081374246614038,5.94406079774361,6.056138452727022,518264000,6.180240774154663,5.957236361503601,5.839396743774414,563063000.0
2018-05-23,6.1282124519348145,6.129450539042178,5.947737882538445,5.948480640364488,442956000,6.160232830047607,5.995626091957092,5.839388408660889,555786200.0
2018-05-24,6.131925582885742,6.174259472342994,6.071272537837177,6.12449894923433,437372000,6.129833745956421,6.023612308502197,5.838944625854492,558863600.0
2018-05-25,6.171287536621094,6.1876267893280135,6.108901556572018,6.144550620572662,292112000,6.117225885391235,6.0521934747695925,5.838991184234619,553426800.0
2018-05-29,6.154205322265625,6.222285933114722,6.107415838779448,6.153215136102839,352684000,6.100856351852417,6.0816895246505736,5.838132019042969,554668800.0
2018-05-30,6.2631354331970215,6.271800154582619,6.163119522236456,6.187876071420408,390996000,6.119626092910766,6.113861012458801,5.844142360687256,561529200.0
2018-05-31,6.2433295249938965,6.317846591991668,6.220553823619654,6.231198916537117,493868000,6.135301923751831,6.146068954467774,5.845511016845703,572810200.0
2018-06-01,6.377756595611572,6.3839460860221715,6.27947364527262,6.2881383652172715,421968000,6.16021466255188,6.176734781265258,5.850072937011719,571751400.0
2018-06-04,6.556747913360596,6.578780862088049,6.379739204638843,6.41192239159191,642024000,6.2074055671691895,6.208841180801391,5.861534957885742,583819600.0
2018-06-05,6.562193393707275,6.599823310358099,6.515155997893746,6.559965120145622,391712000,6.259347057342529,6.229319334030151,5.877499895095825,569024400.0
2018-06-06,6.564173221588135,6.5673916812904825,6.455740027760719,6.472079282614053,371356000,6.315296697616577,6.24776873588562,5.887809009552002,562261400.0
2018-06-07,6.508471488952637,6.572342991875448,6.4181100231864665,6.560459811752169,369448000,6.353322601318359,6.256777715682984,5.9063859558105465,550895800.0
2018-06-08,6.493122577667236,6.535703423248235,6.416872563525435,6.435687520476991,360456000,6.389442300796508,6.259638023376465,5.9267193222045895,519214600.0
2018-06-11,6.4520263671875,6.5220868859625165,6.43915300125594,6.480496229349093,265372000,6.41751618385315,6.267371034622192,5.94116379737854,471760400.0
2018-06-12,6.500550270080566,6.512680881002965,6.428261461698637,6.478517321997654,319160000,6.452150678634643,6.2765035152435305,5.961794147491455,461561400.0
2018-06-13,6.496091842651367,6.577045343809176,6.486931794536201,6.502033431673128,338208000,6.475446319580078,6.2975362062454225,5.980207605361938,430295400.0
2018-06-14,6.607745170593262,6.6644374732379,6.526296319370757,6.54115053183261,430016000,6.511887884140014,6.3235949039459225,6.0004137420654295,424104800.0
2018-06-15,6.566896915435791,6.621856274856937,6.519612090936907,6.550557659180637,432260000,6.530801916122437,6.345508289337158,6.022207746505737,419728600.0
2018-06-18,6.562687873840332,6.580264742737644,6.495597913420497,6.522829688785232,356268000,6.53139591217041,6.3694007396698,6.047445688247681,413356200.0
2018-06-19,6.4408860206604,6.526790937382915,6.313390446837719,6.459453075926473,594932000,6.519265174865723,6.389306116104126,6.0696735858917235,411071600.0
2018-06-20,6.4938645362854,6.546843040157841,6.4436086903568315,6.481981357337177,369780000,6.512234306335449,6.413765501976013,6.086775779724121,403647400.0
2018-06-21,6.36513090133667,6.544119927161631,6.3574563679205,6.525800301680359,359516000,6.4979002475738525,6.425611424446106,6.10212963104248,399475400.0
2018-06-22,6.2126312255859375,6.399295267059145,6.197282630119836,6.385926571940355,434160000,6.469851112365722,6.429646706581115,6.110296754837036,399314800.0
2018-06-25,5.919764041900635,6.10989354097543,5.831135976720831,6.106180223601105,665816000,6.416624879837036,6.417070531845093,6.114140510559082,418000000.0
2018-06-26,5.990813255310059,6.081422142862986,5.939319793402602,6.0331471403727,478884000,6.365651178359985,6.408900928497315,6.119410209655761,424310000.0
2018-06-27,5.835591793060303,6.100733218921098,5.830145059335459,6.034386005315201,453892000,6.2996011734008786,6.387523746490478,6.1185817527771,427454800.0
2018-06-28,5.9628400802612305,5.974723262204267,5.818014567642342,5.825689102972556,338012000,6.235110664367676,6.373499274253845,6.12087724685669,419662000.0
2018-06-29,5.864804744720459,6.04057536124603,5.863566657453693,6.0279498931534325,392300000,6.164901447296143,6.347851681709289,6.124839096069336,418178600.0
2018-07-02,5.997003555297852,6.000716872239424,5.774690424247609,5.79523832608249,357572000,6.108333015441895,6.3198644638061525,6.13160816192627,403956000.0
2018-07-03,5.863318920135498,6.037604483832405,5.854901627055698,6.031662892963836,222732000,6.050576305389404,6.284920740127563,6.138093576431275,395507000.0
2018-07-05,6.009133338928223,6.014084270106018,5.879656926744629,5.918524451593257,306216000,6.002103185653686,6.2571687459945675,6.148821382522583,392250000.0
2018-07-06,6.123013496398926,6.131430788669225,5.963334260570474,5.984624919785975,296352000,5.977891445159912,6.237895846366882,6.164073295593262,388595200.0
2018-07-09,6.170544624328613,6.206936917303925,6.091819393545013,6.197282011898958,303880000,5.97368278503418,6.221766948699951,6.176040163040161,385766400.0
2018-07-10,6.2695722579956055,6.291605203959334,6.142571526198076,6.182924573263383,360016000,6.008663606643677,6.212644243240357,6.18943832397461,390498600.0
2018-07-11,6.127963542938232,6.211392744965929,6.117317979592649,6.176733869403018,367508000,6.022378635406494,6.19401490688324,6.2007119083404545,392916000.0
2018-07-12,6.2195634841918945,6.267591063430919,6.163366513451234,6.173269321298891,345508000,6.060775804519653,6.180188488960266,6.212709064483643,393281000.0
2018-07-13,6.17227840423584,6.238130751527311,6.1301924170298,6.238130751527311,246988000,6.081719636917114,6.158415150642395,6.22417121887207,384129600.0
2018-07-16,6.144550323486328,6.197529296019779,6.132172288352084,6.144550323486328,197036000,6.109694194793701,6.137297821044922,6.231773424148559,372368400.0
2018-07-17,6.280463218688965,6.295564856085668,6.069785885950246,6.095285186265947,362136000,6.138040161132812,6.1231865882873535,6.23909029006958,372661800.0
2018-07-18,6.231200218200684,6.286902340642466,6.180202071885422,6.273038785224412,277640000,6.174828290939331,6.1127022981643675,6.240661687850952,356797200.0
2018-07-19,6.239368438720703,6.273037606629487,6.19728292321843,6.212384090879302,235752000,6.1978518009185795,6.099977493286133,6.241545352935791,350095800.0
2018-07-20,6.211146354675293,6.27576061442862,6.200253361023998,6.236893087166103,222352000,6.206665086746216,6.092278265953064,6.23920244216919,343237600.0
2018-07-23,6.174506664276123,6.186389844293262,6.022749398817637,6.184656900215423,301584000,6.207061290740967,6.090372037887573,6.23397424697876,336608800.0
2018-07-24,6.157176971435547,6.309181659199008,6.139599630657154,6.2225339866623814,354620000,6.195821762084961,6.1022426843643185,6.2311704635620115,321049000.0
2018-07-25,6.235407829284668,6.2480337675255,6.1086545341870195,6.166584920781068,319112000,6.206566190719604,6.11447241306305,6.229520606994629,313060400.0
2018-07-26,6.308932781219482,6.345819928877422,6.198519238916696,6.215353819342725,325124000,6.215503120422364,6.138139462471008,6.234190502166748,306622000.0
2018-07-27,6.239120960235596,6.352505555913222,6.185151792793048,6.345573779562055,295420000,6.2221873760223385,6.151953506469726,6.237241497039795,304492400.0
2018-07-30,6.04379415512085,6.259175548808796,6.008887364027103,6.2532339572993925,340340000,6.212111759185791,6.160902976989746,6.23554479598999,301894400.0
2018-07-31,6.061864376068115,6.13662886657287,5.994526990569513,6.033394515165578,283988000,6.190251874923706,6.1641460180282595,6.235085306167602,298215200.0
2018-08-01,6.101722240447998,6.148512200438192,6.037850741239862,6.093305421192715,283556000,6.177304077148437,6.176066184043885,6.236264181137085,301256400.0
2018-08-02,6.20446252822876,6.208423273749762,5.971504301414987,6.030424404670903,269668000,6.1738134860992435,6.1858326435089115,6.240259895324707,299429000.0
2018-08-03,6.2411017417907715,6.264868103518796,6.212137019650608,6.228971132381392,214288000,6.176809024810791,6.191737055778503,6.242517681121826,295325800.0
2018-08-06,6.288880825042725,6.292346712856403,6.181933159825353,6.228475216806683,207508000,6.188246440887451,6.197653865814209,6.245656785964965,290507200.0
2018-08-07,6.361171245574951,6.379738776311397,6.310915859371807,6.337652782541784,258132000,6.208645868301391,6.202233815193177,6.249454460144043,285413000.0
2018-08-08,6.397562026977539,6.442619044922221,6.327501506510279,6.362408288576708,262100000,6.224861288070679,6.215713739395142,6.254321594238281,280142600.0
2018-08-09,6.349039554595947,6.418109888347605,6.3413650206022245,6.415386757999866,204280000,6.2288719654083256,6.222187542915345,6.256039676666259,273081200.0
2018-08-10,6.30769681930542,6.340127901874813,6.2559559220743575,6.267096345053591,256396000,6.235729551315307,6.228958463668823,6.257327022552491,273551600.0
2018-08-13,6.3406219482421875,6.461433641374095,6.314627788678252,6.316360732649181,375208000,6.265412330627441,6.238762044906617,6.2565843296051025,282460200.0
2018-08-14,6.472079277038574,6.486190730694942,6.3629033255129865,6.446085115292448,466220000,6.306433820724488,6.248342847824096,6.254890956878662,287664400.0
2018-08-15,6.413902282714844,6.526791557128769,6.3351765632235235,6.492874958560941,591136000,6.3376518249511715,6.257477951049805,6.251925134658814,303339200.0
2018-08-16,6.373300552368164,6.486190285096188,6.313142369493197,6.483714583358276,801260000,6.354535627365112,6.264174556732177,6.248107681274414,331614600.0
2018-08-17,6.0608744621276855,6.2626396713704064,6.033889643260619,6.2618969136172415,1143188000,6.336512899398803,6.256660962104798,6.239155740737915,377656400.0
2018-08-20,6.13563871383667,6.2683331130999695,5.90985972565034,6.02027375415718,854388000,6.321188688278198,6.254717564582824,6.232006063461304,405296600.0
2018-08-21,6.271305084228516,6.27576115904789,6.1321737452936125,6.151978889528965,673988000,6.312202072143554,6.260423970222473,6.228391637802124,421265000.0
2018-08-22,6.506491661071777,6.5114430655956665,6.235161209411192,6.23862709813953,749856000,6.323095035552979,6.273978161811828,6.228510465621948,442802200.0
2018-08-23,6.606011390686035,6.671368406236362,6.454006702170211,6.467870254293999,720684000,6.348792219161988,6.288832092285157,6.230708856582641,462580200.0
2018-08-24,6.739201068878174,6.753807378631787,6.609972554322541,6.614428628584489,531512000,6.391942644119263,6.313836097717285,6.2333379745483395,474384800.0
2018-08-27,6.830306529998779,6.90457571218641,6.737469816168269,6.768910244602974,505776000,6.440911102294922,6.353161716461182,6.2386061668396,482656600.0
2018-08-28,6.792674541473389,6.847139032541334,6.672605610373744,6.824362861031222,475384000,6.472970628738404,6.389702224731446,6.243205900192261,492226400.0
2018-08-29,6.898196697235107,6.9232143526372845,6.764190922712914,6.784997629488959,420108000,6.521400070190429,6.4295259475708,6.252352113723755,499054000.0
2018-08-30,6.881352424621582,6.978203291393143,6.844445090068747,6.866985687510032,346608000,6.572205257415772,6.463370442390442,6.260101871490479,502901000.0
2018-08-31,6.952441692352295,6.96532209979279,6.851379888603767,6.861288112381122,306592000,6.661361980438232,6.498937439918518,6.271848087310791,507516200.0
2018-09-04,7.027247428894043,7.064897452741345,6.91082815599802,6.939313592092754,391720000,6.75052285194397,6.535855770111084,6.288140411376953,516726800.0
2018-09-05,6.896461486816406,7.0450815451269575,6.815463689685446,7.009660540680558,393156000,6.813038492202759,6.562620282173157,6.307674360275269,523478000.0
2018-09-06,6.7552714347839355,6.8825891667714645,6.722327492095351,6.880112111106525,322796000,6.837916469573974,6.580505752563477,6.322963523864746,526512800.0
2018-09-07,6.733971118927002,6.859554987400245,6.6182950028887415,6.663128633858656,295420000,6.850712442398072,6.59975233078003,6.34093111038208,531069800.0
2018-09-10,6.805060386657715,6.834784587514281,6.712668508801732,6.756511409783826,220140000,6.857298374176025,6.624620509147644,6.35777551651001,529257000.0
2018-09-11,6.757254123687744,6.8464257754164635,6.73793327630561,6.758739979293975,243112000,6.849993133544922,6.6454521179199215,6.375624504089355,522652200.0
2018-09-12,6.643312931060791,6.736943581313821,6.487757290067149,6.7173751670721416,419092000,6.835056972503662,6.6540138006210325,6.388550691604614,520295800.0
2018-09-13,6.721091270446777,6.811749267944095,6.69186266602876,6.709201588573312,305536000,6.817346429824829,6.669373250007629,6.40570613861084,506015800.0
2018-09-14,6.847170352935791,6.913306295694475,6.774594441353709,6.811501779371107,386936000,6.81392822265625,6.693066740036011,6.422466878890991,485299600.0
2018-09-17,6.785243988037109,6.870700764901001,6.765923613020126,6.821656190876986,205528000,6.797208452224732,6.729285216331482,6.435711488723755,438416600.0
2018-09-18,6.713164329528809,6.892003735980542,6.706476797039628,6.789208495326122,299520000,6.765800142288208,6.758161497116089,6.446563882827759,410673200.0
2018-09-19,6.73694372177124,6.754778244203214,6.644551833978863,6.694587144389223,224860000,6.749848365783691,6.781443428993225,6.455911312103272,388216800.0
2018-09-20,6.5957536697387695,6.657183050844002,6.541754984018377,6.614826480820026,430584000,6.7338965892791744,6.785906529426574,6.465267114639282,372253200.0
2018-09-21,6.525655269622803,6.6532210701619565,6.492463754706345,6.607644273787718,435128000,6.7130650043487545,6.781888723373413,6.4713889503479,357975400.0
2018-09-24,6.581387042999268,6.58485482688953,6.407501775858766,6.494691973292572,293912000,6.69069766998291,6.773998022079468,6.4795711231231685,346095400.0
2018-09-25,6.648514747619629,6.673532402830078,6.561819664266982,6.647524019559343,280388000,6.679823732376098,6.76490843296051,6.489650411605835,334826000.0
2018-09-26,6.611606121063232,6.693842675877659,6.595753530290624,6.6534675624832404,268548000,6.676653051376343,6.755855011940002,6.4962732696533205,324484200.0
2018-09-27,6.6234965324401855,6.668082598534983,6.592038911272296,6.646780293464111,214428000,6.666893577575683,6.742120003700256,6.50411919593811,314200200.0
2018-09-28,6.960862636566162,6.98315566608086,6.727529463089083,6.755519768128677,709396000,6.67826280593872,6.746095514297485,6.51854907989502,332339600.0
2018-10-01,7.167445659637451,7.234324284297887,7.000000352986935,7.038641577598592,622060000,6.7164829730987545,6.756845712661743,6.537675065994263,348113000.0
2018-10-02,7.096108913421631,7.251664086279883,7.07381587834063,7.139951819420904,383964000,6.754777431488037,6.760288786888123,6.556107110977173,347725200.0
2018-10-03,7.10230016708374,7.173885337155028,6.9982661777169435,7.166454169182356,320552000,6.7913130760192875,6.770580720901489,6.575009574890137,344095000.0
2018-10-04,6.918013095855713,7.090412073836086,6.8409781963873275,7.066137581123944,391220000,6.8235390186309814,6.778717803955078,6.588661680221557,347516200.0
2018-10-05,6.684432029724121,6.955415788191904,6.6269655443871205,6.893243225981949,426636000,6.8394166946411135,6.776240849494934,6.59617166519165,354077000.0
2018-10-08,6.583119869232178,6.716629999844057,6.442178571865538,6.601201949797052,408612000,6.839589977264405,6.765143823623657,6.6030516433715825,363500600.0
2018-10-09,6.5774245262146,6.657183560478461,6.509554699966674,6.56256218940692,273500000,6.832480955123901,6.75615234375,6.613724250793457,365020000.0
2018-10-10,6.0857415199279785,6.517235074858549,6.083512027109858,6.471410233493693,684940000,6.779894495010376,6.72827377319336,6.614201793670654,378312400.0
2018-10-11,5.824168682098389,6.132059708307311,5.802618814249461,5.9985490807413955,725436000,6.699961709976196,6.68342764377594,6.608650722503662,399307400.0
2018-10-12,6.106794357299805,6.181104625238167,5.936129297069484,6.08128157633927,608236000,6.6145548820495605,6.6464088439941404,6.606697359085083,410372400.0
2018-10-15,5.830361843109131,6.093419275798444,5.8293711150546805,6.093419275798444,449760000,6.480846500396728,6.598664736747741,6.59848256111145,422584000.0
2018-10-16,6.089208126068115,6.1003546431002835,5.893772968390933,5.943065112735323,408712000,6.380156421661377,6.567466926574707,6.594489107131958,428043600.0
2018-10-17,6.020593643188477,6.189525249054777,5.971549074862788,6.151379158723646,329668000,6.271985769271851,6.531649422645569,6.587677555084229,433284000.0
2018-10-18,5.933156490325928,6.128344071040211,5.87271783299642,6.089950882405961,524020000,6.173500108718872,6.498519563674927,6.578389444351196,437955800.0
2018-10-19,5.676540851593018,6.007963288891954,5.640129110355879,5.988395344185067,613608000,6.072710990905762,6.456063842773437,6.5649394702911374,446879800.0
2018-10-22,5.727318286895752,5.82887523050148,5.624523051394906,5.728804615130029,368844000,5.987130832672119,6.4133604049682615,6.553331899642944,450626400.0
2018-10-23,5.475656032562256,5.553186059001245,5.367906200081028,5.460050529257566,626436000,5.876953983306885,6.354717469215393,6.536032581329346,467928800.0
2018-10-24,4.939385414123535,5.4838299716905565,4.925514275389372,5.437262442382946,884288000,5.76231837272644,6.271106433868408,6.505378704071045,498715800.0
2018-10-25,5.148195743560791,5.195506429169691,4.797452531519902,4.841791033232762,951720000,5.69472107887268,6.197341394424439,6.480064573287964,535580400.0
2018-10-26,4.911642551422119,5.073885720456333,4.783581624859818,4.912137679203498,664784000,5.575205898284912,6.094880390167236,6.450831413269043,533349800.0
2018-10-29,4.597805500030518,5.0562979622060045,4.359765792310382,5.052830178808731,758016000,5.451950263977051,5.96639838218689,6.421570034027099,540147600.0
2018-10-30,5.028307914733887,5.0382161377734,4.59780573409871,4.620841927460508,807192000,5.345860242843628,5.863008332252503,6.3994234180450436,561309000.0
2018-10-31,5.2222580909729,5.265853429575412,5.053326449169521,5.193029489314998,745772000,5.2660266876220705,5.76900622844696,6.378442478179932,582570000.0
2018-11-01,5.40258264541626,5.411995267938296,5.132094120385696,5.258668688096448,566528000,5.2129693031311035,5.693234705924988,6.356364297866821,591335400.0
2018-11-02,5.323568344116211,5.498939982899121,5.206901482185986,5.3931720755241255,452960000,5.177672052383423,5.6251915216445925,6.330715436935424,592651600.0
2018-11-05,5.245542526245117,5.333723942767931,5.0847851964712545,5.3104397060434705,379332000,5.129494476318359,5.558312654495239,6.300842266082764,591187600.0
2018-11-06,5.227953910827637,5.321832093904271,5.190798550721556,5.237614096577205,299012000,5.104724264144897,5.490839123725891,6.268795213699341,592463200.0
2018-11-07,5.295577049255371,5.385244308345858,5.230927443019686,5.294586321288372,483812000,5.140343427658081,5.451330900192261,6.23885326385498,582406800.0
2018-11-08,5.1023712158203125,5.237119663612911,5.04886765542605,5.236376499551169,511352000,5.135760974884033,5.415241026878357,6.202936754226685,571702600.0
2018-11-09,5.094445705413818,5.184856147748308,4.979760769169021,5.013447889435402,413240000,5.154041290283203,5.364623594284057,6.167198619842529,561952800.0
2018-11-12,4.6949028968811035,5.025086829825099,4.67310500097658,5.003041370145509,617116000,5.163751029968262,5.307850646972656,6.122047843933106,570320600.0
2018-11-13,4.9369072914123535,5.058280201575201,4.7865533455384375,4.792746221807563,644712000,5.154610967636108,5.250235605239868,6.080241041183472,582120600.0
2018-11-14,4.884394645690918,5.124415832052644,4.776397749868306,5.110049096973222,526580000,5.12082462310791,5.19342565536499,6.039999704360962,591966200.0
2018-11-15,5.013200759887695,5.08528155606928,4.842535178581952,4.878451794696185,840708000,5.081886434555054,5.147427868843079,6.005158290863037,607800600.0
2018-11-16,4.072930812835693,4.227247694190023,4.003079050730328,4.045436100982573,1963520000,4.956822681427002,5.067247366905212,5.951937484741211,675296200.0
2018-11-19,3.5842177867889404,4.008279772741511,3.5824838949670417,4.007537081203629,1697820000,4.790690207481385,4.9600923418998715,5.887520632743835,741745000.0
2018-11-20,3.6927106380462646,3.8210191177566317,3.3020879227550965,3.32066537068014,1692032000,4.637165880203247,4.870945072174072,5.826229763031006,795024800.0
2018-11-21,3.584465980529785,3.8467802367749453,3.557219070508293,3.8299366795130183,1025496000,4.466054773330688,4.803199100494385,5.765052824020386,802085200.0
2018-11-23,3.591649055480957,3.705343234871618,3.536907439799349,3.549787847750912,411968000,4.314982557296753,4.725371766090393,5.702463979721069,775097600.0
2018-11-26,3.7910478115081787,3.8014511640561635,3.6302905023331147,3.7127746310637026,814832000,4.184642767906189,4.669342029094696,5.641341528892517,782600000.0
2018-11-27,3.8078911304473877,3.8891367260030134,3.7291225909317354,3.7650389586110915,738060000,4.095941591262817,4.629846310615539,5.581794471740722,781602200.0
2018-11-28,3.964932918548584,3.970134594593303,3.793029100299068,3.9255485299527764,804524000,3.9987441539764403,4.576677560806274,5.526829843521118,781468800.0
2018-11-29,3.9017062187194824,4.004356488277219,3.8714566543615017,3.9671644164575,549172000,3.9004753112792967,4.510649967193603,5.470125093460083,771638800.0
2018-11-30,4.052210330963135,4.062871903006915,3.8610423948490924,3.9113758069944753,729564000,3.8043762683868407,4.443131351470948,5.41925422668457,779790600.0
2018-12-03,4.216104030609131,4.331151975966607,4.149158015691905,4.279578791697591,890804000,3.8186935901641847,4.387758135795593,5.373063201904297,801682800.0
2018-12-04,3.895507335662842,4.1764320017087915,3.8803823181221584,4.1714729330473075,812112000,3.8498225450515746,4.32025637626648,5.319345607757568,823321800.0
2018-12-06,3.92476487159729,3.9297237034093837,3.7392999271817424,3.754920566612714,692308000,3.873027968406677,4.255096924304962,5.264870610237121,842986600.0
2018-12-07,3.65995717048645,3.939146476316833,3.610615708883344,3.928980526342996,681676000,3.8805770874023438,4.173315930366516,5.205837631225586,852879800.0
2018-12-10,3.7653348445892334,3.7901297164472645,3.61135920583676,3.6150785075538914,629472000,3.8979456663131713,4.1064641118049625,5.148674397468567,858785800.0
2018-12-11,3.6743381023406982,3.8652577642644252,3.595242702354769,3.8570754896611024,671912000,3.8862746953964233,4.035458731651306,5.082943906784058,871719400.0
2018-12-12,3.6919426918029785,3.7881463192835785,3.5907799950026513,3.680041114604785,654136000,3.8746798515319822,3.9853107213973997,5.013433847427368,873570400.0
2018-12-13,3.691694498062134,3.803023140697527,3.655742192758704,3.738804708894611,471384000,3.8473560094833372,3.923050081729889,4.945345559120178,864904000.0
2018-12-14,3.631195306777954,3.733845576712734,3.6076402017595184,3.650039154331276,471820000,3.8203049182891844,3.8603901147842405,4.875923461914063,862166000.0
2018-12-17,3.5600337982177734,3.673345866792534,3.5020139727799418,3.601193216130576,662868000,3.7710872650146485,3.7877317667007446,4.808763875961303,853274000.0
2018-12-18,3.6433446407318115,3.7273988734391805,3.5766466764845832,3.6039208464164365,564372000,3.7138113260269163,3.7662524580955505,4.7479421281814576,783316600.0
2018-12-19,3.4343245029449463,3.663180376709354,3.382751321650272,3.6096235205720313,745364000,3.667693042755127,3.7587577939033507,4.684966220855713,735693800.0
2018-12-20,3.3497748374938965,3.515899882546853,3.290019374136056,3.425894851881755,749588000,3.6101940393447878,3.7416110038757324,4.620413227081299,688571600.0
2018-12-21,3.2126593589782715,3.4092820051140853,3.185137140021637,3.376304857389919,863740000,3.5654642581939697,3.7230206727981567,4.562951583862304,680483800.0
2018-12-24,3.1509206295013428,3.2228254807124803,3.086950005592058,3.136291705788628,463840000,3.5040228366851807,3.700984251499176,4.509486622810364,683077400.0
2018-12-26,3.300184965133667,3.301176684342134,3.0859580096509,3.197038600687574,695100000,3.4666075229644777,3.6764411091804505,4.453354434967041,677090800.0
2018-12-27,3.252331256866455,3.2823330130761676,3.1038105277404284,3.247868283406106,637044000,3.4226463794708253,3.648663115501404,4.401793823242188,672040000.0
2018-12-28,3.313822031021118,3.406554637168781,3.231007563100586,3.2729106566799224,628728000,3.3848591327667235,3.6161075711250303,4.3462861013412475,663250200.0
2018-12-31,3.3101024627685547,3.3896934763813222,3.2793568064428356,3.357212429883216,465140000,3.3527498483657836,3.586527383327484,4.292076277732849,659048600.0
2019-01-02,3.377544641494751,3.4335807989315374,3.2245609518145475,3.239189874819992,508752000,3.3345009326934814,3.552794098854065,4.240964040756226,648008000.0
2019-01-03,3.173483371734619,3.3512619200370706,3.1660450050395994,3.317293055632547,705552000,3.287514805793762,3.5006630659103393,4.190902891159058,638745400.0
2019-01-04,3.376801013946533,3.4149848066187722,3.2158828588061574,3.246628284088685,585620000,3.281762456893921,3.474727749824524,4.143892545700073,627420800.0
2019-01-07,3.5555713176727295,3.5925155797011,3.3827515845890326,3.4340769583062456,709160000,3.302342104911804,3.456268072128296,4.1054908514022825,628263400.0
2019-01-08,3.4670541286468506,3.6393780149353425,3.394405366492904,3.6371462917245907,786016000,3.327781581878662,3.446622920036316,4.076044225692749,633480400.0
2019-01-09,3.5352399349212646,3.5825979624091406,3.46779805366671,3.518379287261534,617260000,3.3662135124206545,3.4351181745529176,4.043785109519958,632869800.0
2019-01-10,3.6009457111358643,3.6096238459896495,3.455400384258679,3.51589975310733,523156000,3.396289587020874,3.431448554992676,4.017571172714233,625432000.0
2019-01-11,3.6902074813842773,3.7130186826147855,3.5508607390614735,3.5786307737100227,874764000,3.440077209472656,3.4313617944717407,3.9994192123413086,636463400.0
2019-01-14,3.7301266193389893,3.7554173535643547,3.614334994925471,3.637890102118774,730168000,3.4817076683044434,3.4332834005355837,3.9734555864334107,649402600.0
2019-01-15,3.7159931659698486,3.8022788798523584,3.6976449429612948,3.762855087947234,617012000,3.522296738624573,3.437523293495178,3.9433302879333496,656662200.0
2019-01-16,3.690455198287964,3.776245071433084,3.685000505314257,3.7432681561342656,470104000,3.553587794303894,3.444044363498688,3.9090877389907837,647024000.0
2019-01-17,3.7618637084960938,3.801783363580027,3.6302034030080113,3.657477810196698,493436000,3.6124258279800414,3.449970316886902,3.8778536462783815,643477200.0
2019-01-18,3.8910443782806396,3.9170790175147565,3.760127983854702,3.811701166255568,651336000,3.6638501644134522,3.4728063106536866,3.8507636833190917,638775800.0
2019-01-22,3.688718795776367,3.8724481297540048,3.6584692333230397,3.8607946020396438,661552000,3.677164912223816,3.48975350856781,3.819978981018066,634374000.0
2019-01-23,3.701612710952759,3.8327771681851615,3.670371424106886,3.744011904265451,591020000,3.7006207704544067,3.5142011761665346,3.788099694252014,620738000.0
2019-01-24,3.9136080741882324,3.9312121556717474,3.7814519020358155,3.786162923358028,708972000,3.7384575843811034,3.5523355484008787,3.7643244314193725,632994600.0
2019-01-25,3.970883369445801,3.9889835452337747,3.751449773577879,3.854100040232143,1154572000,3.775451350212097,3.5858704686164855,3.741853184700012,655968200.0
2019-01-28,3.4219274520874023,3.5119324814477597,3.2481162301587734,3.3857270964828285,2511528000,3.7486233472824098,3.594350278377533,3.716393675804138,749692400.0
2019-01-29,3.262993097305298,3.424159313486155,3.2483641729312454,3.3758093304011707,1153932000,3.7019099950790406,3.591808831691742,3.682915391921997,775952600.0
2019-01-30,3.406554698944092,3.4209355740036442,3.259521560228273,3.339112823837459,974228000,3.670966148376465,3.596631443500519,3.6533585929870607,801407000.0
2019-01-31,3.564249038696289,3.5999535292648943,3.381511424762657,3.403330901349419,842852000,3.6583455324172975,3.605966663360596,3.6243795585632324,818112000.0
2019-02-01,3.5885486602783203,3.639625992076388,3.53524007809093,3.5828459191126454,625048000,3.64101402759552,3.626719927787781,3.614691915512085,814086800.0
2019-02-04,3.698885679244995,3.7360777581191744,3.5823501361983126,3.6044174300246863,528592000,3.6217981576919556,3.6428241610527037,3.6169852733612062,811235400.0
2019-02-05,3.7179768085479736,3.7546730201199225,3.677065435672829,3.7107862531755473,542424000,3.624723958969116,3.650944435596466,3.61749059677124,802898600.0
2019-02-06,3.7936017513275146,3.8580682422644874,3.7457478610609636,3.751202554282304,702464000,3.6339228630065916,3.667271816730499,3.6216733121871947,798721000.0
2019-02-07,3.6552460193634033,3.7494662025740335,3.612351207362776,3.7472347160999955,637120000,3.608086657524109,3.673272120952606,3.6229452514648437,799714000.0
2019-02-08,3.6738429069519043,3.6845044814978722,3.573671918728079,3.5880527956612354,461604000,3.5783826112747192,3.676916980743408,3.6206011533737184,796636400.0
2019-02-11,3.631195306777954,3.6840080205805696,3.5828453294810148,3.629707491481302,495180000,3.5993093967437746,3.673966372013092,3.6170672369003296,777657200.0
2019-02-12,3.7482259273529053,3.7638468034770534,3.65524552399793,3.669626633035311,591060000,3.647832679748535,3.674871337413788,3.612733097076416,770701800.0
2019-02-13,3.790625810623169,3.8637704270231525,3.764095310280993,3.777732514292954,605372000,3.686239790916443,3.678602969646454,3.6105114889144896,770119800.0
2019-02-14,3.8315370082855225,3.8598031342649817,3.7464908187723616,3.7896339153887535,827264000,3.712968587875366,3.685657060146332,3.6060980224609374,787977800.0
