Date,Close,High,Low,Open,Volume,SMA_10,SMA_20,SMA_50,SMA_200,VOL_SMA_20
2017-03-08,42.42754364013672,42.591064130160575,42.308756847230676,42.40169767255555,20576000,42.25234794616699,42.00209903717041,41.380526809692384,39.33983081817627,25195000.0
2017-03-09,42.63629150390625,42.778937282213555,42.37933343805437,42.43003188177728,26954000,42.28634338378906,42.07158222198486,41.43026840209961,39.37476875305176,25240500.0
2017-03-10,42.8137321472168,42.95389041480859,42.62486620830807,42.87784653465368,26732000,42.353938293457034,42.149490165710446,41.48144157409668,39.406672382354735,25382900.0
2017-03-13,42.97128677368164,43.09802530660998,42.784407824505706,42.78490457069287,23332000,42.428043365478516,42.223372077941896,41.54109375,39.43810386657715,25134400.0
2017-03-14,43.03739547729492,43.12039760084849,42.75011689533967,42.93003762074375,21234000,42.532318878173825,42.29034557342529,41.603748092651365,39.4701566696167,24900400.0
2017-03-15,43.160648345947266,43.234705237445844,42.80826191855541,43.138283392232026,26658000,42.59017105102539,42.36082286834717,41.679235305786136,39.50017412185669,24870000.0
2017-03-16,43.24067306518555,43.37536712716188,43.1174117499466,43.267015782129036,22090000,42.690320587158205,42.442035865783694,41.74085571289063,39.53028104782104,24617300.0
2017-03-17,43.358463287353516,43.46035313243503,43.15965485088986,43.42357116379749,37366000,42.80607643127441,42.51708564758301,41.80507064819336,39.56107387542725,25480500.0
2017-03-20,43.13679885864258,43.257572658241884,42.97576586185816,43.21482972985622,30844000,42.90866203308106,42.570167541503906,41.85963356018066,39.591799621582034,25561500.0
2017-03-21,42.25358963012695,43.413135498039566,42.131818562776125,43.2436502544836,50760000,42.90364227294922,42.57232933044433,41.884414978027344,39.620199317932126,26839200.0
2017-03-22,42.2366943359375,42.51254015048287,42.09752577123024,42.220787081940415,27334000,42.8845573425293,42.56845264434814,41.90690017700195,39.649955883026124,26981500.0
2017-03-23,41.732215881347656,41.83360898263114,41.40170144572661,41.81869901313914,65754000,42.794149780273436,42.54024658203125,41.92045890808105,39.67693407058716,28882500.0
2017-03-24,41.50806427001953,41.94842409998631,41.20786650321526,41.84901797803178,42114000,42.663582992553714,42.508760643005374,41.92570739746094,39.699849147796634,29642000.0
2017-03-27,41.67555236816406,41.81819814054582,40.96928932803914,41.15765849675721,38692000,42.534009552001955,42.48102645874023,41.93463371276855,39.72370355606079,30566300.0
2017-03-28,41.78092956542969,42.018006435264326,41.36541842251978,41.73420887776902,30384000,42.40836296081543,42.47034091949463,41.944265899658205,39.7504034614563,30702400.0
2017-03-29,42.24017333984375,42.32565919186449,41.8182044961218,41.88629664679321,29146000,42.316315460205075,42.453243255615234,41.966542358398435,39.779725093841556,30341000.0
2017-03-30,42.220787048339844,42.34603534371661,42.08609678337519,42.345041851334265,18988000,42.21432685852051,42.45232372283935,41.986880416870115,39.80860939025879,30039500.0
2017-03-31,42.13728713989258,42.22476376279298,42.010051862906145,42.08907621685492,28820000,42.09220924377441,42.44914283752441,42.01017074584961,39.83733959197998,30475500.0
2017-04-03,42.58212661743164,42.69395519254083,42.123872523865124,42.184509692647836,39388000,42.03674201965332,42.47270202636719,42.03858047485352,39.870267143249514,31397000.0
2017-04-04,42.374366760253906,42.3957382212941,42.122872897484356,42.14722862748102,26970000,42.04881973266602,42.476231002807616,42.04667198181152,39.907126083374024,31706800.0
2017-04-05,42.19245910644531,42.772977206206846,42.123373463436174,42.48073117147857,37104000,42.044396209716794,42.46447677612305,42.04605567932129,39.94260829925537,32533200.0
2017-04-06,42.00309371948242,42.425062535572486,41.948421304040416,42.221779589294876,30672000,42.07148399353027,42.432816886901854,42.03278533935547,39.97646026611328,32719100.0
2017-04-07,41.85398483276367,42.041857264369725,41.61541774906072,41.99812085048045,22232000,42.106076049804685,42.3848295211792,42.01799407958984,40.00917158126831,32494100.0
2017-04-10,41.8341064453125,42.084606829717586,41.788879789875864,41.82615471424428,20924000,42.12193145751953,42.32797050476074,42.01468399047852,40.04069005966186,32373700.0
2017-04-11,41.743648529052734,41.979731893348905,41.48122244913689,41.83410563011901,19486000,42.11820335388184,42.26328315734863,42.03063827514649,40.07912954330445,32286300.0
2017-04-12,41.82217788696289,41.934503190543126,41.62983094806249,41.673070615766406,22716000,42.07640380859375,42.196359634399414,42.051781463623044,40.11897060394287,32089200.0
2017-04-13,41.7585563659668,41.934999843424976,41.64275383952001,41.80129928741505,21474000,42.03018074035644,42.122253799438475,42.07657272338867,40.15597864151001,32058400.0
2017-04-17,42.50160598754883,42.52695521223708,41.80080704767084,41.81820454099465,20982000,42.06661262512207,42.07941093444824,42.113222961425784,40.19572526931763,31239200.0
2017-04-18,42.4449462890625,42.613931007262586,42.30876198851861,42.37287637715803,18724000,42.052894592285156,42.04481830596924,42.146881103515625,40.23311605453491,30633200.0
2017-04-19,42.5701904296875,42.7535883539581,42.42207665067355,42.61392684359295,21606000,42.07247695922852,42.060648345947264,42.18156303405762,40.269463081359866,29175500.0
2017-04-20,42.74763107299805,42.93898074424216,42.61939850527457,42.73073032620373,23776000,42.12799415588379,42.086195182800296,42.21222915649414,40.30802930831909,28997600.0
2017-04-21,42.691463470458984,42.86492648172425,42.630830099595904,42.77446558770863,23458000,42.196831130981444,42.13415756225586,42.241125869750974,40.34530075073242,26882800.0
2017-04-24,43.684505462646484,43.73570065245092,43.04732802959712,43.16313434739785,33930000,42.379883193969725,42.24297962188721,42.28970451354981,40.387962379455566,26473600.0
2017-04-25,44.17705535888672,44.34653681082228,43.70190437253959,43.85001436316831,40760000,42.61417808532715,42.36805477142334,42.343372650146485,40.430472450256346,26577000.0
2017-04-26,44.19196319580078,44.38331663793924,43.993651515620115,44.30379175062521,26466000,42.85900955200195,42.488606452941895,42.39325340270996,40.470716075897215,26381100.0
2017-04-27,44.306278228759766,44.40270007503161,44.094550597470054,44.23470885930346,46846000,43.10741958618164,42.591911697387694,42.44435691833496,40.51021169662476,27266100.0
2017-04-28,45.95042037963867,46.51602467470132,45.88580545738881,46.17308400842459,76918000,43.52660598754883,42.77839336395264,42.53103706359863,40.55868101119995,30162600.0
2017-05-01,46.362945556640625,46.512052838874105,45.765530519223404,45.93203150227589,46556000,43.91273994445801,42.989676284790036,42.6211466217041,40.60764238357544,31049400.0
2017-05-02,46.57516860961914,46.868411887895924,46.27248336267556,46.38530920031082,35026000,44.32576217651367,43.18932838439942,42.71114677429199,40.65770709991455,30831300.0
2017-05-03,47.13978576660156,47.22676184983388,46.48173360162563,46.523483031646464,36496000,44.78272171020508,43.427599334716795,42.809735412597654,40.70622861862183,31307600.0
2017-05-04,47.451419830322266,47.67110299664005,47.08611039412378,47.231239917796934,38752000,45.2531005859375,43.69054737091064,42.91247924804688,40.756256084442136,31390000.0
2017-05-05,47.23073959350586,47.636308193524926,47.12238825717802,47.55081855687933,32310000,45.707028198242185,43.95192966461182,43.01116729736328,40.8042681312561,31471900.0
2017-05-08,47.64873123168945,47.763043514379206,47.0875939031977,47.09008142583568,37534000,46.103450775146484,44.24166698455811,43.12138626098633,40.85503366470337,32237000.0
2017-05-09,47.55031967163086,47.8231849848551,47.43551064025896,47.7799453182853,33758000,46.4407772064209,44.52747764587402,43.22778793334961,40.90409688949585,32878700.0
2017-05-10,47.45738220214844,47.55032303373315,47.20887260040484,47.52597109491483,22920000,46.76731910705566,44.81316432952881,43.33704277038574,40.95313280105591,33050400.0
2017-05-11,47.50956726074219,47.613944630759505,47.14773885679491,47.28093888137525,20622000,47.08764801025391,45.097533798217775,43.435591583251956,41.0023973274231,32945700.0
2017-05-12,47.4722900390625,47.613441787716155,47.319208798649115,47.60698408763134,24298000,47.23983497619629,45.383220481872556,43.54025382995606,41.05040191650391,33086900.0
2017-05-15,47.675071716308594,47.84803417638045,47.35697974854527,47.47974430349291,26754000,47.37104759216309,45.641893768310545,43.649737167358396,41.09845867156982,33375500.0
2017-05-16,47.942970275878906,48.0070846632071,47.731242636249306,47.89028863504908,22030000,47.50782775878906,45.91679496765137,43.766377716064454,41.141517906188966,33540800.0
2017-05-17,46.827659606933594,47.76304783447781,46.722785491352525,47.69893344946698,48982000,47.47661514282227,46.129668426513675,43.85685516357422,41.176614933013916,34909600.0
2017-05-18,47.24168014526367,47.42458134425663,46.782929325216244,46.87885443262854,36010000,47.455641174316405,46.35437088012695,43.95313789367676,41.21398584365845,35521300.0
2017-05-19,47.44793701171875,47.69197590075477,47.3162272245662,47.35698316377031,27206000,47.4773609161377,46.59219455718994,44.04937080383301,41.252686252593996,35708700.0
2017-05-22,47.916133880615234,47.95341259969333,47.542872695338836,47.56474090538088,27748000,47.50410118103027,46.80377597808838,44.15141883850097,41.29414264678955,35399600.0
2017-05-23,48.238197326660156,48.4350149831522,47.937499050185075,48.20887413504384,30908000,47.572888946533205,47.00683307647705,44.25675704956055,41.33480377197266,34907000.0
2017-05-24,48.58909225463867,48.61443768431684,48.291875000957596,48.47229244540066,22660000,47.68605995178223,47.22668952941895,44.36779098510742,41.37764181137085,34716700.0
2017-05-25,49.29734420776367,49.492178674045576,48.5995295942387,48.658179770178876,39082000,47.864837646484375,47.47624282836914,44.49052490234375,41.42346200942993,34328500.0
2017-05-26,49.36742401123047,49.522492230238505,49.07368398782266,49.30429933177072,32728000,48.054351043701175,47.64709300994873,44.61305992126465,41.46938159942627,32119000.0
2017-05-30,49.51156234741211,49.583632258267954,49.2724984975801,49.32915790029546,30324000,48.238000106811526,47.8045238494873,44.73612190246582,41.51609394073486,31307400.0
2017-05-31,49.060272216796875,49.68204301602795,48.791384624640486,49.51355503996977,34482000,48.34973030090332,47.92877902984619,44.854591369628906,41.56083560943603,31280200.0
2017-06-01,49.11991500854492,49.3609696401385,48.77199926993642,49.2526182944856,26128000,48.578955841064456,48.02778549194336,44.99191787719727,41.60614637374878,30761800.0
2017-06-02,49.50907516479492,49.5269694026997,49.05927340589151,49.13482053489701,34710000,48.805695343017575,48.130668258666994,45.13736549377441,41.65458833694458,30559700.0
2017-06-05,49.89476776123047,50.06971722946498,49.475779388707245,49.59705372152204,27578000,49.05037841796875,48.26386966705322,45.30061653137207,41.703907566070555,30323100.0
2017-06-06,49.53690719604492,50.12985147128446,49.44346962282915,49.866431912981085,31042000,49.21245574951172,48.358278465271,45.46119338989258,41.752101001739504,29998500.0
2017-06-07,49.77647399902344,49.89625429232289,49.49665042792872,49.65668991376839,27482000,49.36628341674805,48.46958618164062,45.62321182250977,41.80226266860962,29684700.0
2017-06-08,49.91464614868164,49.98025077355709,49.53393000845161,49.91215862576861,33758000,49.49883880615234,48.59244937896729,45.785886154174804,41.85378618240357,30226600.0
2017-06-09,48.216827392578125,49.97528233224317,47.384318711540324,49.97478558606143,72958000,49.39078712463379,48.62781238555908,45.905419235229495,41.89691005706787,32843400.0
2017-06-12,47.80380630493164,48.11146284556185,46.56076148721612,47.65022830369832,84042000,49.2344253540039,48.64438819885254,46.01707962036133,41.93871185302734,35830600.0
2017-06-13,48.2357177734375,48.60400768798572,47.81374514071191,48.31225840114183,40108000,49.10684089660644,48.672420501708984,46.13904823303223,41.983244819641115,36498300.0
2017-06-14,48.10797882080078,48.69297138701363,47.68948723071996,48.48422423412771,30110000,49.01161155700684,48.68067092895508,46.249565277099606,42.02666193008423,36902300.0
2017-06-15,47.7227897644043,47.74764224188499,46.73819709804877,47.118416493378184,48552000,48.87189903259277,48.72542743682861,46.356533737182616,42.06750696182251,36880800.0
2017-06-16,47.64524841308594,47.71135356629662,47.15220703547375,47.609960478950754,51184000,48.685516357421875,48.745605850219725,46.46558952331543,42.10893346786499,37639500.0
2017-06-19,48.47031021118164,48.673092628257756,48.12140098773185,48.19346710655923,29376000,48.54307060241699,48.796724510192874,46.59493385314941,42.1549997138977,37748000.0
2017-06-20,48.160667419433594,48.747150262758446,48.12140171715688,48.47478166177996,25946000,48.40544662475586,48.808951187133786,46.72106750488281,42.1991325378418,37657900.0
2017-06-21,48.63780212402344,48.68551630057693,48.1835258503917,48.25012775748743,23232000,48.29157943725586,48.828931427001955,46.85714141845703,42.24429170608521,37274100.0
2017-06-22,48.539894104003906,48.73273781106626,48.37538009914902,48.55231655139136,20190000,48.154104232788086,48.82647151947022,46.99306632995606,42.28619045257568,37150600.0
2017-06-23,49.01057052612305,49.03691324340845,48.43253615231648,48.48422809445475,31280000,48.23347854614258,48.812132835388184,47.13683418273926,42.33045001983643,36760500.0
2017-06-26,48.31473922729492,49.40321248864205,48.22726260433981,49.20490079644446,30358000,48.28457183837891,48.759498596191406,47.26795783996582,42.372510261535645,36642000.0
2017-06-27,47.12189483642578,48.072693616416316,47.07219367223909,47.79337057099629,48872000,48.17318954467773,48.64001522064209,47.36036361694336,42.41217487335205,37569400.0
2017-06-28,47.76404571533203,47.87488079527419,46.52895258083271,47.249632765526236,54912000,48.13879623413086,48.57520389556885,47.46674560546875,42.45248064041138,38590900.0
2017-06-29,46.611454010009766,47.2993299256707,46.20290492052318,47.28392321002313,64134000,48.027662658691405,48.44978084564209,47.547570877075195,42.48953342437744,40491200.0
2017-06-30,46.20688247680664,46.96831474402942,46.20340146157118,46.918116835873654,45754000,47.883826065063474,48.284671211242674,47.616755905151365,42.52413093566894,41043400.0
2017-07-03,45.69892501831055,46.43352157954611,45.492661603942715,46.38282313575352,33896000,47.60668754577637,48.07487907409668,47.676905136108395,42.55351219177246,41359300.0
2017-07-05,46.335113525390625,46.53541221363478,45.657676833226255,45.93451614890232,41882000,47.42413215637207,47.91478939056397,47.72991729736328,42.58688453674316,41901300.0
2017-07-06,46.107975006103516,46.52795685719014,45.71831363319675,45.974278230257404,40298000,47.17114944458008,47.73136444091797,47.768535690307615,42.619762363433836,42542100.0
2017-07-07,46.760066986083984,46.951420452083035,46.21234930509325,46.271992978015966,33266000,46.99316673278808,47.573635482788085,47.81989776611328,42.65480968475342,42517500.0
2017-07-10,47.26652526855469,47.372392876252725,46.81672349824985,46.81672349824985,29030000,46.81876220703125,47.52612037658692,47.87910270690918,42.69108461380005,40321100.0
2017-07-11,47.392276763916016,47.45987217320465,46.97428565198425,47.24267651219071,29224000,46.72651596069336,47.505543899536136,47.90793983459473,42.725274600982665,37580200.0
2017-07-12,48.09456253051758,48.19247462171177,47.566729864468655,47.75658930035425,32042000,46.823782730102536,47.49848613739014,47.94257217407227,42.763222007751466,37176900.0
2017-07-13,48.153709411621094,48.64327365908269,47.95241722913344,48.2506280102987,30492000,46.862749099731445,47.500772666931155,47.974142990112306,42.80452434539795,37196000.0
2017-07-14,48.55430221557617,48.58561239179034,48.21831600224731,48.40966945050886,21592000,47.057033920288085,47.542348289489745,48.0024333190918,42.84582166671753,35848000.0
2017-07-17,48.507083892822266,48.874380275600494,48.25062257407559,48.52497813029755,33210000,47.28705406188965,47.58544006347656,48.023546600341795,42.88704940795898,34949300.0
2017-07-18,49.05331039428711,49.24714758130937,48.31225609276151,48.377860716820976,28266000,47.6224925994873,47.614590072631835,48.05999801635742,42.93285219192505,34893800.0
2017-07-19,49.34257888793945,49.48323390590422,49.05629380594814,49.205401093479765,28242000,47.923239135742186,47.67368564605713,48.09387496948242,42.9797484588623,35008600.0
2017-07-20,49.31374740600586,49.63631009659111,48.93750200207651,49.55281123752231,28368000,48.24381637573242,47.70748291015625,48.12914352416992,43.02741506576538,35265400.0
2017-07-21,49.39575958251953,49.458880477529426,48.91514057015504,49.15520170323725,29266000,48.507385635375975,47.75027618408203,48.16791107177735,43.07489284515381,35719200.0
2017-07-24,49.6179313659668,50.00958355168913,49.2183274483041,49.40868743644805,79690000,48.74252624511719,47.780644226074216,48.21007835388183,43.12386913299561,38139700.0
2017-07-25,48.16265106201172,48.545354174254314,47.902708718218385,48.24565317668973,118672000,48.819563674926755,47.77303981781006,48.22388557434082,43.16510931015014,42555400.0
2017-07-26,47.977760314941406,48.407184122170335,47.72527674130057,48.34903448259052,44432000,48.80788345336914,47.81583309173584,48.22993934631348,43.20601396560669,42333400.0
2017-07-27,47.341575622558594,48.18700728527513,46.573681867389034,48.17010653928838,74358000,48.72667007446289,47.79470958709717,48.21791145324707,43.24039279937744,43305700.0
2017-07-28,47.63084411621094,47.8028131040485,46.98372410588247,47.116927929497336,36276000,48.63432426452637,47.845679092407224,48.233975143432616,43.27736110687256,41912800.0
2017-07-31,46.993167877197266,47.77299113994113,46.80578838889427,47.71384421575718,45670000,48.48293266296387,47.884993362426755,48.22900489807129,43.3105943107605,41908600.0
2017-08-01,47.04585266113281,47.439988557436216,46.96633155394233,47.10798006660746,28052000,48.282186889648436,47.95233974456787,48.22096321105957,43.34600196838379,41616400.0
2017-08-02,47.09953308105469,47.17209974342259,46.34803944491873,47.13581451626063,40788000,48.05788230895996,47.99056072235108,48.20463119506836,43.3815488243103,41561700.0
2017-08-03,46.73471450805664,47.21682373607471,46.69197158515103,47.17209382846341,22478000,47.799979019165036,48.02189769744873,48.17456153869629,43.414714908599855,40670700.0
2017-08-04,47.0075798034668,47.094555887744995,46.70986578991445,46.91612541969291,25092000,47.561161041259766,48.034273338317874,48.14293128967285,43.44560464859009,40262000.0
2017-08-07,47.005592346191406,47.16513888690854,46.893763777390724,47.09356572098968,28916000,47.299927139282225,48.021226692199704,48.0970962524414,43.475154933929446,40256300.0
2017-08-08,46.92805480957031,47.340581652139385,46.84306571018158,46.93302606327569,30102000,47.17646751403809,47.998015594482425,48.048308868408206,43.505612239837646,40300200.0
2017-08-09,46.72378158569336,46.90668276666402,46.417615307699585,46.64276645670886,28018000,47.05106964111328,47.92947654724121,47.99255325317383,43.5344443321228,40099000.0
2017-08-10,45.90419387817383,46.53590329873196,45.814233530178,46.471292172045864,54148000,46.907331466674805,47.817000770568846,47.929431686401365,43.556275863647464,41281800.0
2017-08-11,46.227264404296875,46.38978763497925,45.78640781721421,45.91016588253807,32334000,46.7669734954834,47.700648880004884,47.8715786743164,43.581509571075436,41818900.0
2017-08-14,46.666622161865234,46.771492483973084,46.44594551790412,46.6735804002608,23012000,46.7343189239502,47.60862579345703,47.814729614257814,43.61054292678833,41309000.0
2017-08-15,46.6243782043457,46.87239106751867,46.55280883228659,46.770997963805165,22130000,46.69217147827148,47.48717918395996,47.74932182312012,43.640545501708985,41002200.0
2017-08-16,46.932029724121094,47.211849481885345,46.72178855423396,46.78192896535888,26906000,46.675421142578124,47.366651725769046,47.69722427368164,43.6715371131897,40935400.0
2017-08-17,46.10647964477539,46.90916454078356,46.10548615247918,46.86642162031453,33914000,46.61259765625,47.20628833770752,47.62382438659668,43.700801601409914,41212700.0
2017-08-18,46.03292465209961,46.27348253312532,45.897240891339486,46.07268710012741,26748000,46.515132141113284,47.038146591186525,47.54618995666504,43.73079671859741,41086800.0
2017-08-21,45.769004821777344,46.13580446567336,45.6561827708853,46.01254695334701,26024000,46.391473388671876,46.84570026397705,47.49723350524902,43.763711795806884,38403500.0
2017-08-22,46.739688873291016,46.81722299348547,46.03242844573739,46.071694148022004,35502000,46.372636795043945,46.77455215454101,47.47595115661621,43.80302850723267,34245000.0
2017-08-23,46.84804153442383,46.989690047224414,46.48322883275054,46.57070167154813,22690000,46.385062789916994,46.71806621551514,47.44819763183594,43.843157844543455,33157900.0
2017-08-24,46.56523132324219,47.033420265042245,46.259561798110354,46.90419800877822,25892000,46.45116653442383,46.67924900054932,47.41734268188477,43.87667182922363,30734600.0
2017-08-25,46.24763870239258,46.756086863347704,46.227757479088964,46.68053973157624,23746000,46.453203964233396,46.6100887298584,47.38783966064453,43.906125202178956,30108100.0
2017-08-28,46.129844665527344,46.463840111066744,46.02944505822096,46.316226865109,20988000,46.39952621459961,46.5669225692749,47.35753158569336,43.93657758712769,28874000.0
2017-08-29,46.50856399536133,46.62983830230733,45.69146593365985,45.723276644715135,23172000,46.38794479370117,46.54005813598633,47.318296661376955,43.97521083831787,28630000.0
2017-08-30,46.90022659301758,47.011061672522324,46.42408206435862,46.504600456305106,22406000,46.38476448059082,46.530092811584474,47.293087844848635,44.01792469024658,27710900.0
2017-08-31,47.477264404296875,47.57467974549003,47.03044309973657,47.032926830701214,33866000,46.52184295654297,46.567220306396486,47.2698770904541,44.06812860488892,28280300.0
2017-09-01,47.315731048583984,47.630842565952484,47.230741945830914,47.58809964147863,20858000,46.650123596191406,46.582627868652345,47.2453938293457,44.11207256317139,28068600.0
2017-09-05,46.793365478515625,47.28591017655216,46.50111566773148,47.06075902027912,29148000,46.752559661865234,46.57201652526855,47.201049728393556,44.152206878662106,28080200.0
2017-09-06,46.82020568847656,46.943463207534776,46.3559868914255,46.91215302956635,27830000,46.760611343383786,46.566624069213866,47.17115905761719,44.190939598083496,27966600.0
2017-09-07,47.21135711669922,47.241677594125335,46.597041340634,46.93104058677826,22332000,46.79694290161133,46.59100284576416,47.172948303222654,44.23416036605835,27682300.0
2017-09-08,46.78988265991211,47.25161390886955,46.72030027715856,47.20191274861065,19998000,46.81940803527832,46.635287284851074,47.153465042114256,44.27307943344116,25974800.0
2017-09-11,46.883323669433594,47.35002237649428,46.76950433511063,47.07765759349802,26748000,46.88297653198242,46.66809024810791,47.158902435302736,44.31241600036621,25695500.0
2017-09-12,47.050323486328125,47.1218928563932,46.59555045881541,47.063743217209776,25696000,46.9750244140625,46.68727531433105,47.17577125549317,44.35407863616943,25829700.0
2017-09-13,47.23869323730469,47.358477324302555,46.95539243880845,46.9931679009843,21908000,47.04803733825683,46.71799106597901,47.206566619873044,44.39637744903565,25818600.0
2017-09-14,46.72626495361328,47.118910565398956,46.63829158699303,47.01801421457862,28548000,47.03064117431641,46.707702827453616,47.2143896484375,44.4347324180603,25900700.0
2017-09-15,46.4857063293457,46.806782568558425,46.28491091528181,46.72427720306068,39886000,46.93148536682129,46.72666416168213,47.22194427490234,44.470977535247805,26199300.0
2017-09-18,46.21036148071289,46.563741420062634,45.99415933222412,46.471794077271916,29474000,46.82094841003418,46.73553600311279,47.21095016479492,44.509215717315676,26335600.0
2017-09-19,46.56373977661133,46.617418700176394,46.05678185571673,46.39227133604277,24854000,46.79798583984375,46.77527275085449,47.19689445495605,44.55209106445312,26277100.0
2017-09-20,47.09455490112305,47.21682271307376,46.595548730006996,46.606981475728105,40080000,46.8254207611084,46.793016052246095,47.19094001770019,44.59758817672729,26506000.0
2017-09-21,47.095054626464844,47.35599047425046,46.68899305001675,47.12388486567421,27414000,46.813790512084964,46.80536670684815,47.17094985961914,44.63966829299927,26742200.0
2017-09-22,46.881832122802734,47.216824859503745,46.76155508200245,46.857480183711985,21496000,46.82298545837402,46.821196746826175,47.14551231384277,44.68118927001953,26522400.0
2017-09-25,46.43551254272461,46.7073806008836,45.94992227560057,46.692470630945515,37468000,46.778204345703124,46.830590438842776,47.10313652038574,44.71667890548706,27208500.0
2017-09-26,46.59206771850586,46.922585932557666,46.477258682942065,46.555289542466845,33454000,46.732378768920896,46.8537015914917,47.064836196899414,44.752031860351565,27831800.0
2017-09-27,47.70886993408203,47.98372223780968,46.816721417778645,46.85598711601271,46692000,46.77939643859863,46.913716888427736,47.03794738769531,44.78942010879516,29007800.0
2017-09-28,47.95291519165039,48.02100355199298,47.49267412683299,47.527465322318804,28018000,46.902061462402344,46.96635131835937,47.01015411376953,44.828413791656494,29288400.0
2017-09-29,48.395755767822266,48.49963260162701,48.01205535681858,48.01205535681858,40622000,47.09306640625,47.01227588653565,46.99179428100586,44.86777275085449,29626200.0
2017-10-02,48.08511734008789,48.5955562706105,47.81076177106922,48.491679439870545,30782000,47.2805419921875,47.05074520111084,46.96558143615723,44.904944801330565,30122400.0
2017-10-03,48.31424331665039,48.33213755527643,47.84853807769763,48.08958890524977,21666000,47.45559234619141,47.12678909301758,46.9395076751709,44.94381914138794,29748300.0
2017-10-04,48.050819396972656,48.42954851534754,47.99266597066432,48.298335486490785,21156000,47.551218795776364,47.188319778442384,46.93727104187012,44.982820224761966,29414600.0
2017-10-05,48.96583557128906,49.031443989717324,48.2242844963028,48.34953279480503,35618000,47.73829689025879,47.27604370117187,46.95703254699707,45.02573535919189,30078900.0
2017-10-06,49.38581848144531,49.41663570650591,48.63382813614984,48.70788503358227,31060000,47.988695526123045,47.40584049224854,46.99791740417481,45.070079441070554,30632000.0
2017-10-09,49.3197135925293,49.72478166168651,49.27945440031187,49.45341036178634,25910000,48.27711563110351,47.52765998840332,47.03169479370117,45.11483852386475,30590100.0
2017-10-10,49.095558166503906,49.576177180188765,48.76305294387154,49.468322583186556,23268000,48.52746467590332,47.62992172241211,47.0737425994873,45.159103050231934,30468700.0
2017-10-11,49.98273849487305,50.078166851394,49.10251561595496,49.15718803287934,36300000,48.754851531982425,47.767123985290525,47.13248031616211,45.208270683288575,31188300.0
2017-10-12,49.98273849487305,50.275481264950706,49.756593842318146,49.892778138435666,30614000,48.95783386230469,47.92994766235351,47.19014442443848,45.25690900802612,31291600.0
2017-10-13,50.09307861328125,50.43552255864473,50.05281941843778,50.154709271074495,26552000,49.12756614685058,48.11031627655029,47.25731170654297,45.30743101119995,30624900.0
2017-10-16,50.166629791259766,50.29833957079075,49.77746519854123,50.18054626764828,21420000,49.335717391967776,48.308129692077635,47.32049270629883,45.35874076843262,30222200.0
2017-10-17,50.24863815307617,50.425578375938926,50.00261608674092,50.07170172216882,20260000,49.529156875610354,48.49237461090088,47.385353622436526,45.413052520751954,29992500.0
2017-10-18,50.335121154785156,50.51255433140892,49.96633074134438,50.25112555093422,25596000,49.7575870513916,48.65440292358399,47.45349494934082,45.46392986297607,29268300.0
2017-10-19,49.793373107910156,50.065741706093796,49.56772898857625,49.93800588443074,34284000,49.840340805053714,48.78931884765625,47.51488677978516,45.51215814590454,29611800.0
2017-10-20,49.95391082763672,50.13184075943584,49.81474226580223,50.05231965891457,32120000,49.89715003967285,48.94292278289795,47.595881118774415,45.55988443374634,30143000.0
2017-10-23,48.98323440551758,49.989699120837514,48.8619600733232,49.95937864181099,32786000,49.86350212097168,49.0703088760376,47.65100051879883,45.59972801208496,29908900.0
2017-10-24,49.129852294921875,49.16812450391774,48.56275394240443,49.030946714099606,28902000,49.86693153381348,49.1971981048584,47.700265121459964,45.63981510162353,29681300.0
2017-10-25,49.277469635009766,49.425082887833135,48.594564950959246,49.019514262275095,30574000,49.796404647827146,49.275628089904785,47.753326950073244,45.68093105316162,28875400.0
2017-10-26,49.275474548339844,50.025477823508645,49.22825711966671,49.6258739792722,47396000,49.725678253173825,49.34175605773926,47.800195846557614,45.721080226898195,29844300.0
2017-10-27,51.37538528442383,52.863959247573504,51.03641856297184,51.24218525282731,103682000,49.853908920288085,49.49073753356934,47.90557395935058,45.7718109703064,32997300.0
2017-10-30,51.348548889160156,51.68155085943395,50.81176721674656,51.15123067962262,46804000,49.972100830078126,49.65390911102295,48.0118864440918,45.82205711364746,33798400.0
2017-10-31,51.34407424926758,51.73970036777613,51.00908150308563,51.34208726445838,30326000,50.081644439697264,49.805400657653806,48.123387832641605,45.873145732879635,34231400.0
2017-11-01,51.8192253112793,52.08065790824808,51.39178847565162,51.50709805793904,43262000,50.23005485534668,49.99382095336914,48.224978561401365,45.92622243881225,35336700.0
2017-11-02,51.837608337402344,51.9643506560757,51.12637400699158,51.689498349816695,26694000,50.4344783782959,50.1374095916748,48.32476989746094,45.980546627044674,34890500.0
2017-11-03,52.18651580810547,52.21981675969089,51.57319357942401,51.826674416435004,27770000,50.657738876342776,50.277444458007814,48.4371955871582,46.03567100524902,34726000.0
2017-11-06,51.82319641113281,52.31574489160375,51.78939871143816,52.14228567755324,18294000,50.941735076904294,50.40261859893799,48.54870674133301,46.08493803024292,34345200.0
2017-11-07,52.30580139160156,52.35649983615923,51.839102680877645,52.16961710305677,26104000,51.25932998657227,50.56313076019287,48.672225875854494,46.13535066604614,34487000.0
2017-11-08,52.59904479980469,52.81773066386966,52.040394959791975,52.189498440933264,24276000,51.59148750305176,50.693946075439456,48.79403549194336,46.1850128364563,33885800.0
2017-11-09,52.07369613647461,52.230751348916854,51.48373232563387,52.087612613119134,35892000,51.87130966186523,50.79849395751953,48.8975048828125,46.232413578033444,34149700.0
2017-11-10,51.896263122558594,52.01952443708699,51.750636852849965,51.88234664485235,19442000,51.92339744567871,50.8886531829834,48.98588485717774,46.281896839141844,33794200.0
2017-11-13,51.74964141845703,52.12439281004868,51.65321957054558,51.72976019505764,18814000,51.9635066986084,50.96780376434326,49.074563064575194,46.33591537475586,33663900.0
2017-11-14,51.771507263183594,51.80431146989282,51.15967524925062,51.57667659150168,21012000,52.00625,51.04394721984863,49.17412590026856,46.3909478187561,33701500.0
2017-11-15,51.511566162109375,51.671605646265384,51.230749101603344,51.44148703151615,18106000,51.97548408508301,51.102769470214845,49.267953109741214,46.445910682678225,33327000.0
2017-11-16,52.1109733581543,52.274493861920035,51.590595699531754,51.62787062363299,23768000,52.002820587158205,51.21864948272705,49.365945434570314,46.50312007904053,32801200.0
2017-11-17,51.4857177734375,52.23671453561081,51.37836372479378,52.17707466146054,26712000,51.93274078369141,51.29523983001709,49.45986213684082,46.556738471984865,32530800.0
2017-11-20,51.424591064453125,51.62538649075683,51.32617844007188,51.49118918112587,17526000,51.892880249023435,51.417307662963864,49.55068748474121,46.60968095779419,31767800.0
2017-11-21,52.20193099975586,52.206405507755406,51.64725885387292,51.69198876604467,22206000,51.88249320983887,51.57091159820557,49.653719635009764,46.66461898803711,31433000.0
2017-11-22,52.28244400024414,52.45689670685256,52.0503346096384,52.24466853914704,14538000,51.850833129882815,51.721160316467284,49.75459465026856,46.71979806900024,30631200.0
2017-11-24,52.511070251464844,52.6875137275946,52.282441885294084,52.40520644096022,16492000,51.89457054138184,51.88294010162353,49.870290756225586,46.776075553894046,29086000.0
2017-11-27,53.28095626831055,53.332151463101944,52.42409560786892,52.61296534064204,35430000,52.03303985595703,51.97821865081787,50.00619575500488,46.83501209259033,25673400.0
2017-11-28,52.84755325317383,53.67807111483268,52.41266147330828,53.379363620874045,36424000,52.142831039428714,52.053168869018556,50.1389395904541,46.890760231018064,25154400.0
2017-11-29,51.55978012084961,52.622904218428445,51.175582953453805,52.49417490370216,55866000,52.12165832519531,52.06395416259765,50.23886039733887,46.93980361938477,26431400.0
2017-11-30,51.499637603759766,51.895764247889794,51.19645937585446,51.6870170908577,45092000,52.120465469360354,52.04797477722168,50.326962051391604,46.98921974182129,26522900.0
2017-12-01,50.94795227050781,51.55282230937545,50.54188689077826,51.213358841469756,37762000,52.004163360595705,52.003491973876955,50.40402000427246,47.03467216491699,27076300.0
2017-12-04,50.29187774658203,51.25957717926307,50.16016796792098,51.08363044897364,38778000,51.884779357910155,51.90876007080078,50.47222091674805,47.075755748748776,27626700.0
2017-12-05,50.67607498168945,51.52498382952185,49.81722741874805,50.24814143869179,38998000,51.809927749633786,51.85140399932861,50.557032165527346,47.11808435440064,28661900.0
2017-12-06,51.32816696166992,51.669120636870026,50.46285410152825,50.522994515126356,28710000,51.722551345825195,51.80252227783203,50.65175415039062,47.16315404891968,28792200.0
2017-12-07,51.91713333129883,52.133335463180366,51.459379845359024,51.494667782767635,30866000,51.68602027893066,51.768426704406735,50.73591941833496,47.211258029937746,29121700.0
2017-12-08,52.15620040893555,52.506099302378495,51.98124717025866,52.27697418872354,31170000,51.650533294677736,51.772551918029784,50.81998512268066,47.26135011672974,28885600.0
2017-12-11,52.28492736816406,52.48522604234787,51.89476927332771,52.24218444560528,23254000,51.550930404663085,51.79198513031006,50.8977685546875,47.31162357330322,29076200.0
2017-12-12,52.12588119506836,52.80828909096306,51.932044013761505,52.18701510165761,33882000,51.47876319885254,51.810797119140624,50.97858383178711,47.36227977752686,29829600.0
2017-12-13,52.256099700927734,52.45937884739451,52.017032079152166,52.29039414579875,27680000,51.54839515686035,51.83502674102783,51.05742095947266,47.410649642944335,30163000.0
2017-12-14,52.55828857421875,53.03592328293886,52.36594163392161,52.45987974633129,30962000,51.65426025390625,51.8873628616333,51.14757034301758,47.46224519729614,30805800.0
2017-12-15,53.28045654296875,53.44199005759562,52.688509529321905,52.87190745967071,63760000,51.88751068115234,51.94583702087402,51.233862762451174,47.517642955780026,32805400.0
2017-12-18,53.931053161621094,54.00063554039942,53.19944090021874,53.50162560578952,30292000,52.25142822265625,52.0681037902832,51.32476745605469,47.57674350738525,32984400.0
2017-12-19,53.66714096069336,53.925096338162014,53.293879791141165,53.828177739771355,26350000,52.55053482055664,52.18023128509522,51.41171600341797,47.633560276031496,33425600.0
2017-12-20,53.35799789428711,53.73921079460599,53.11147526392533,53.723804078197325,28728000,52.75351791381836,52.238034629821776,51.49696479797363,47.68821254730224,33751700.0
2017-12-21,53.22330093383789,53.55481265145381,53.131353594647145,53.44894883524104,25640000,52.884134674072264,52.28507747650146,51.56177604675293,47.7411475944519,34306800.0
2017-12-22,53.1243896484375,53.2665348804808,53.063752493083385,53.18104904280315,17788000,52.98095359802246,52.3157434463501,51.62460906982422,47.792700881958005,34371600.0
2017-12-26,52.97479248046875,53.12439650767616,52.61644129340612,53.113460507512265,18376000,53.04994010925293,52.30043525695801,51.68224334716797,47.84271841049194,33518900.0
2017-12-27,52.693973541259766,53.095071430402996,52.60351644186565,53.01206931559948,22324000,53.10674934387207,52.29275627136231,51.73279022216797,47.891001300811766,32813900.0
2017-12-28,52.48274612426758,52.92459618877644,52.355010301528324,52.795866873620234,19884000,53.12941398620605,52.338904571533206,51.7774723815918,47.93761178970337,31014800.0
2017-12-29,52.35600280761719,52.58711871670307,52.3212116139001,52.45988343452506,23606000,53.1091854095459,52.38172283172607,51.81789001464844,47.983188438415525,29940500.0
2018-01-02,53.340599060058594,53.47827359576773,52.33711865454856,52.33711865454856,31766000,53.115199661254884,52.50135517120361,51.88883453369141,48.03309911727905,29640700.0
2018-01-03,54.25064468383789,54.478279588388716,53.35153781266898,53.37638649967272,31318000,53.147158813476565,52.699293518066405,51.97476921081543,48.08866834640503,29267700.0
2018-01-04,54.46137619018555,54.874896544716236,54.386826340846945,54.52748135414892,26052000,53.22658233642578,52.888558578491214,52.08433204650879,48.14970727920532,28620400.0
2018-01-05,55.18354415893555,55.34706465804289,54.76157534552589,54.84358396816797,30250000,53.40913696289063,53.08132743835449,52.20540588378906,48.214441528320314,28697400.0
2018-01-08,55.37837600708008,55.62440188021342,55.169132103543284,55.21883326596616,24644000,53.62464447021485,53.25438957214355,52.32742401123047,48.282672328948976,28386300.0
2018-01-09,55.30780029296875,55.588617359826586,55.079668657769695,55.588617359826586,26808000,53.84298553466797,53.41196956634521,52.44807052612305,48.35167100906372,28168200.0
2018-01-10,55.176090240478516,55.30730328085012,54.869927743596634,55.020024722963434,20734000,54.06311531066895,53.55652770996094,52.52408462524414,48.41917369842529,28042200.0
2018-01-11,55.271018981933594,55.4101837460235,54.99417969223573,55.28394196602129,22424000,54.32081985473633,53.7137845993042,52.60253402709961,48.48662414550781,27469300.0
2018-01-12,56.19547653198242,56.227780201148285,55.07022510411957,55.174101933927034,38586000,54.69209289550781,53.910753440856936,52.699562072753906,48.55640066146851,28014600.0
2018-01-16,56.197959899902344,57.10154118551692,55.99716447998305,56.675594615462074,36462000,55.07628860473633,54.09273700714111,52.787136764526366,48.62628652572632,28289600.0
2018-01-17,56.61545944213867,56.62639165014283,55.83961015789258,56.479275148603776,27830000,55.403774642944335,54.25948715209961,52.8826937866211,48.69867738723755,26493100.0
2018-01-18,56.45989227294922,56.68951415101649,55.88782266659566,56.627883494848916,27498000,55.624699401855466,54.385929107666016,52.96816131591797,48.768066215515134,26353400.0
2018-01-19,56.83414840698242,56.84806488480374,56.287428010306584,56.562280343255594,30552000,55.861976623535156,54.54427947998047,53.06838035583496,48.84036512374878,26563500.0
2018-01-22,57.86098861694336,57.99617941971216,56.75064712382242,56.85005324113938,29550000,56.129721069335936,54.76942901611328,53.179484100341796,48.91870777130127,26604600.0
2018-01-23,58.45790100097656,58.57420406092715,58.01456075914607,58.18205521518198,39138000,56.437673568725586,55.031159019470216,53.29666122436524,49.00098180770874,27279500.0
2018-01-24,58.21535873413086,58.99866296789218,58.02201830247675,58.895779633088424,37128000,56.7284294128418,55.28570747375488,53.41949447631836,49.082788677215575,28246500.0
2018-01-25,58.75463104248047,58.89678009260679,58.24270183066696,58.683558413395254,29984000,57.08628349304199,55.57469940185547,53.5566618347168,49.167391300201416,28826900.0
2018-01-26,59.02401351928711,59.02401351928711,58.05333730750121,59.02252328067271,42170000,57.46158294677734,55.891201400756835,53.7021492767334,49.25379312515259,29819200.0
2018-01-29,58.970333099365234,59.54289940830096,58.850052273381316,59.04588022723653,31494000,57.739068603515626,56.215580749511716,53.846125793457034,49.3395339012146,30399700.0
2018-01-30,58.517547607421875,59.042399746029126,58.3753985732343,58.534945099055044,37338000,57.97102737426758,56.523657989501956,53.98624542236328,49.42332885742187,31086300.0
2018-01-31,58.758602142333984,58.96238182829691,58.25561821147145,58.837626493942984,36022000,58.18534164428711,56.794558143615724,54.11919799804687,49.5046138381958,31299100.0
2018-02-01,58.72728729248047,59.018543594380816,58.119433050777964,58.44895776652015,73514000,58.41208114624023,57.01839027404785,54.26402938842774,49.58602554321289,33408900.0
2018-02-02,55.62638854980469,56.227781333212185,55.2272814302096,56.03493763886127,117842000,58.29130516052246,57.076640892028806,54.34806533813477,49.651306533813475,37998400.0
2018-02-05,52.802825927734375,55.417148175944476,52.52201263737627,54.70243275371403,83550000,57.78548889160156,56.95760498046875,54.36008323669434,49.70158250808716,40663400.0
2018-02-06,53.89825439453125,54.04487415089542,51.19347519585492,51.3907933989834,76630000,57.329524230957034,56.88359889984131,54.39239944458008,49.75761646270752,43262700.0
2018-02-07,52.45590591430664,54.00262949116928,52.41664021266109,53.92509537223673,51942000,56.75357894897461,56.741004180908206,54.39129615783691,49.801473464965824,44519400.0
2018-02-08,50.08512496948242,52.87936401239792,49.93552094259068,52.67757509163033,66792000,55.88662834167481,56.4864559173584,54.32737953186035,49.8310138130188,46822300.0
2018-02-09,52.00162887573242,52.27250343791082,49.55281423202895,50.9882059680197,98360000,55.18438987731933,56.32298641204834,54.31046104431152,49.87006214141846,50619100.0
2018-02-12,52.413658142089844,52.96087525770654,51.962862873995164,52.51852846673467,56240000,54.5287223815918,56.13389549255371,54.327538604736326,49.910599040985105,51501800.0
2018-02-13,52.392784118652344,52.74467381294293,52.03393618570592,52.18701743613438,31586000,53.916246032714845,55.94363670349121,54.34540153503418,49.94281085968018,51258000.0
2018-02-14,53.31525421142578,53.45292875843299,52.177083445942486,52.40173408804718,41304000,53.371911239624026,55.778626441955566,54.39274757385254,49.9775724029541,51931700.0
2018-02-15,54.24269104003906,54.3788753393815,53.04338264656778,53.849548650240514,37396000,52.923451614379886,55.667766380310056,54.47176383972168,50.0159100151062,52426600.0
2018-02-16,54.44845962524414,55.085140396235516,54.2521349006275,54.34308875477543,39948000,52.80565872192383,55.548481941223145,54.547211532592776,50.05245338439941,52896400.0
2018-02-20,54.85054397583008,55.48175670870799,54.17509428809936,54.312272076437715,33754000,53.0104305267334,55.39795970916748,54.61765907287597,50.08944900512695,53106600.0
2018-02-21,55.35551834106445,56.471327909766245,55.045378059560356,55.12440621257393,41486000,53.15615692138672,55.24284057617187,54.68642677307129,50.130072898864746,53224000.0
2018-02-22,55.16415786743164,55.93751959214549,54.928074514719384,55.6248956192097,28010000,53.42698211669922,55.090280532836914,54.74658592224121,50.167650032043454,52768100.0
2018-02-23,56.068241119384766,56.11347156790341,55.091600157055055,55.59955159328204,25292000,54.02529373168945,54.955961036682126,54.82225219726563,50.21023963928223,52533500.0
2018-02-26,56.84408950805664,56.86893819386203,56.13036760323586,56.25561590052749,30912000,54.50953979492188,54.846964836120605,54.91661636352539,50.257173175811765,51970600.0
2018-02-27,55.542388916015625,56.87141996454091,55.506604233545424,56.84408375855091,42964000,54.82241287231445,54.675567626953125,54.98234214782715,50.29733728408814,52544100.0
2018-02-28,54.866943359375,56.04637048168498,54.82121995858662,55.765553416766714,49292000,55.069828796386716,54.493037414550784,55.02851524353027,50.3343105506897,53141800.0
2018-03-01,53.25113296508789,55.23225150557632,53.04635978276631,55.14626891402153,55338000,55.06341667175293,54.21766395568848,55.027928771972654,50.362190856933594,54107600.0
2018-03-02,53.88383865356445,54.02051968783795,52.19248242758911,52.583634008346884,50162000,55.027531433105466,53.975491523742676,55.026984481811525,50.39189519882202,52940000.0
2018-03-05,54.411678314208984,54.730763822915726,53.293881749322345,53.58513809336208,28648000,55.02385330200195,53.91475601196289,55.041875228881835,50.4298152923584,48480300.0
2018-03-06,54.71684265136719,54.95193631576775,54.39875066240132,54.776486321281645,23382000,55.01048316955566,54.01045684814453,55.069052124023436,50.46719110488892,45471900.0
2018-03-07,55.41962432861328,55.47728100940488,54.17061491421941,54.31524767441363,30748000,55.016893768310545,54.08652534484863,55.112978591918946,50.507049541473386,43177800.0
2018-03-08,56.132354736328125,56.23473753400784,55.526984213425294,55.526984213425294,33862000,55.1137134552002,54.27034778594971,55.17313789367676,50.548130645751954,42273800.0
2018-03-09,57.695980072021484,57.70393180331851,56.37639462402864,56.63533970119199,42662000,55.27648735046387,54.65089054107666,55.26756164550781,50.595419559478756,41067300.0
2018-03-12,57.94895935058594,58.55681360527946,57.61446337417266,57.905219144174936,44306000,55.3869743347168,54.94825706481934,55.372661361694334,50.642218894958496,38364600.0
2018-03-13,56.65571975708008,58.54886892403172,56.39031317747675,58.24220586388656,43140000,55.498307418823245,55.160360145568845,55.456120834350585,50.67901077270508,37709600.0
2018-03-14,57.1020393371582,57.64229821120022,56.776989111211506,56.94846134342193,41870000,55.72181701660156,55.39582290649414,55.55104156494141,50.71768384933472,38223800.0
2018-03-15,57.18752670288086,57.778484038982114,56.444485399510754,57.135838554731116,33382000,56.11545639038086,55.589436531066895,55.627980117797854,50.75606367111206,37827700.0
2018-03-16,56.38285446166992,57.49567969545161,56.23076670320563,57.42311683153487,58656000,56.36535797119141,55.69644470214844,55.670624313354494,50.792676582336426,38890700.0
2018-03-19,54.675594329833984,55.634837768620756,54.12141517830125,55.5548199203345,63656000,56.39174957275391,55.70780143737793,55.67490867614746,50.82045497894287,40076100.0
2018-03-20,54.46336364746094,54.94795659840509,53.798349454637815,54.592585906409056,54598000,56.36640167236328,55.688442420959475,55.66050506591797,50.8452264213562,41118300.0
2018-03-21,54.373905181884766,55.10452406558614,54.0364286959101,54.30283255354904,44898000,56.26182975769043,55.63936176300049,55.64041564941406,50.86762210845947,41288900.0
2018-03-22,52.34358215332031,53.87290828260624,52.16912564060532,53.678574337334204,69312000,55.882952499389646,55.49833297729492,55.581131286621094,50.88165548324585,43354000.0
2018-03-23,51.021507263183594,53.02101688343725,50.93800839851188,52.25511008579325,49880000,55.21550521850586,55.24599628448486,55.498039627075194,50.887880649566654,44583400.0
2018-03-26,52.39030075073242,52.64775939337282,50.227771011926535,52.216841516772504,65984000,54.65963935852051,55.02330684661865,55.44042526245117,50.9002589225769,46337000.0
2018-03-27,50.046852111816406,52.90968380364253,49.583630605618474,52.87787308797283,60816000,53.99875259399414,54.74853000640869,55.31745277404785,50.909409046173096,47229600.0
2018-03-28,49.959373474121094,50.94396987817355,48.90668871775685,49.79685026293356,77698000,53.28448600769043,54.503151512146,55.192681045532225,50.920186882019046,48649900.0
2018-03-29,51.54784393310547,52.09009353882744,49.90271171671899,50.2590758824263,69338000,52.72051773071289,54.41798706054688,55.09132873535156,50.936747512817384,49349900.0
2018-04-02,50.329654693603516,51.66663753381271,49.41613469259724,51.0746867356014,65068000,52.11519775390625,54.24027786254883,54.96872398376465,50.947855892181394,50095200.0
2018-04-03,50.630348205566406,50.944466209737804,49.5652372198148,50.50460317144767,51322000,51.71067314147949,54.0512113571167,54.84464797973633,50.96239368438721,51228900.0
2018-04-04,51.17856216430664,51.32915967311573,49.528458643323226,49.61394448591651,50724000,51.38219299316406,53.874297332763675,54.710999450683595,50.98006025314331,52596000.0
2018-04-05,51.32419204711914,52.02349692795792,50.89476823525984,52.00759346587592,35836000,51.0772216796875,53.669525718688966,54.56832527160645,50.994329662323,52850400.0
2018-04-06,50.19645690917969,51.491189838828895,50.01255843479986,50.85003459740025,40134000,50.862509155273436,53.372730827331544,54.40794723510742,51.004508609771726,53164000.0
2018-04-09,50.700435638427734,51.91813122723381,50.65619868240732,50.69794811544219,33220000,50.83040199279785,53.02295360565186,54.24686332702637,51.01482177734375,52691900.0
2018-04-10,51.51603698730469,51.750133346696884,50.46782299648678,51.20589675666845,36620000,50.74297561645508,52.701307487487796,54.09670379638672,51.029702491760254,52307600.0
2018-04-11,50.94744873046875,51.484727125389504,50.65619620587564,51.29238017832689,34060000,50.83303527832031,52.415893936157225,53.93624610900879,51.03938688278198,51853600.0
2018-04-12,51.555301666259766,51.921107820131894,50.996655616097975,51.26603992584753,32896000,50.99262809753418,52.138557052612306,53.79700119018555,51.05558969497681,51404900.0
2018-04-13,51.4931755065918,52.33512615535484,51.20043274399854,52.0324446771911,25410000,50.987161254882814,51.85383949279785,53.651692657470704,51.077446098327634,51006300.0
2018-04-16,51.99317932128906,52.25808913169154,51.387808777043865,51.96584311334484,29776000,51.153513717651364,51.63435573577881,53.51701049804687,51.09859176635742,49562300.0
2018-04-17,53.646263122558594,53.92658343904779,52.539402663684776,52.743679102908175,54584000,51.455105209350585,51.58288917541504,53.477407989501955,51.13376581192016,49108700.0
2018-04-18,53.448944091796875,53.77747151120614,53.206896003940145,53.62886478475067,31126000,51.68214340209961,51.53216819763183,53.490330352783204,51.16997611999512,47935100.0
2018-04-19,54.14775848388672,54.548355851738364,53.13234858684274,53.13234858684274,39884000,51.96450004577637,51.520860862731936,53.49532043457031,51.212220287323,47684400.0
2018-04-20,53.54487228393555,54.41117484780803,53.28542669034655,53.89030046791669,42434000,52.29934158325195,51.580925369262694,53.51709976196289,51.24826908111572,46340500.0
2018-04-23,53.37041473388672,54.07568810262924,53.01604133394229,53.82618122926969,69590000,52.56633949279785,51.69837074279785,53.58280555725098,51.28458127975464,47326000.0
2018-04-24,50.827171325683594,52.90719545964243,50.34108812661568,52.64427263711792,128220000,52.497452926635745,51.62021427154541,53.55931640625,51.304916801452634,50437800.0
2018-04-25,50.84457015991211,51.49467062184591,50.547349091519905,51.18055259904128,57860000,52.48716506958008,51.6601001739502,53.52793464660645,51.32280702590943,50290000.0
2018-04-26,51.85451126098633,52.287416080182766,50.71832381239791,51.35301754888472,50926000,52.517086029052734,51.75485706329346,53.51716918945313,51.34511819839477,48951400.0
2018-04-27,51.26504135131836,52.271505943293725,51.07319495219466,51.96534346498157,40746000,52.49427261352539,51.7407169342041,53.476164932250974,51.36097059249878,47521800.0
2018-04-30,50.62538528442383,51.60898448440118,50.61146880673603,51.412663558153056,34492000,52.357493209838864,51.755503463745114,53.40381881713867,51.37332897186279,45993000.0
2018-05-01,51.727272033691406,51.77597970323424,50.22925618623577,50.512060234075776,35326000,52.16559410095215,51.81034965515137,53.34939506530762,51.389193820953366,45193200.0
2018-05-02,50.99665832519531,51.88781341543905,50.85301904371848,51.39178769183862,34698000,51.920365524291995,51.801254463195804,53.27231735229492,51.40164169311524,44391900.0
2018-05-03,51.00908279418945,51.22727572510589,50.094072474436096,50.96286264447116,39282000,51.60649795532227,51.785499000549315,53.18538864135742,51.411420555114745,44564200.0
2018-05-04,52.23672103881836,52.28046124952342,50.599043563333005,50.67657768455419,36892000,51.47568283081055,51.88751220703125,53.12683990478516,51.42589126586914,44402100.0
2018-05-07,52.65719985961914,52.93254894266785,52.2004398161202,52.380360537916204,34400000,51.40436134338379,51.98535041809082,53.058619079589846,51.44260852813721,44461100.0
2018-05-08,52.61396026611328,52.94398176929407,52.26853204623722,52.913661290166466,26030000,51.58304023742676,52.04024658203125,52.97401649475098,51.458699531555176,43931600.0
2018-05-09,54.122901916503906,54.37389902915736,52.7889033783098,52.88781274328521,47160000,51.91087341308594,52.199019241333005,52.945626754760745,51.481224384307865,44586600.0
2018-05-10,54.94398498535156,55.13981296427099,54.36794137956555,54.42360729228435,36414000,52.21982078552246,52.368453407287596,52.947167587280276,51.51513105392456,44762500.0
2018-05-11,54.84010314941406,55.11992671814422,54.53394065735139,54.69248990330289,30504000,52.577326965332034,52.53579978942871,52.9789469909668,51.549442768096924,45017200.0
2018-05-14,55.000152587890625,55.57420922080132,54.91068897029702,54.948957390114536,39338000,53.01480369567871,52.686148452758786,53.00127326965332,51.587735652923584,45495300.0
2018-05-15,53.92012405395508,54.62837796155574,53.61743877160701,54.51803963368327,35738000,53.23408889770508,52.69984149932861,52.99144218444824,51.6191820526123,44553000.0
2018-05-16,53.881351470947266,54.3927876738321,53.759087450531055,53.931056423328116,25628000,53.52255821228027,52.721461868286134,52.974732360839845,51.653622970581054,44278100.0
2018-05-17,53.74070358276367,54.224799850769315,53.5001456874603,53.75064609133861,25738000,53.7957202911377,52.70110912322998,52.94115394592285,51.687097225189206,43570800.0
2018-05-18,53.16316223144531,53.36644518531905,52.91664339852014,52.98224802432867,35482000,53.88836441040039,52.68202362060547,52.881770095825196,51.71741537094116,43223200.0
2018-05-21,53.877376556396484,54.339107798799965,53.57866906096186,53.628370220515286,25180000,54.010382080078124,52.70737171173096,52.805398025512694,51.75312868118286,41002700.0
2018-05-22,53.44497299194336,54.26455871906535,53.293381977808146,54.16515639161356,22226000,54.09348335266113,52.83826179504395,52.715318298339845,51.785315647125245,35703000.0
2018-05-23,53.97429275512695,54.0756858463349,53.029955597598494,53.18104984615946,23740000,54.07862243652344,52.994747924804685,52.66168975830078,51.820159149169925,33997000.0
2018-05-24,53.948951721191406,54.03195384207281,53.29537400850474,54.021021633451994,20604000,53.97911911010742,53.09946994781494,52.598628005981446,51.85526363372803,32480900.0
2018-05-25,53.88085174560547,54.15371705462361,53.807295397346955,54.003616297356636,22224000,53.88319396972656,53.2302604675293,52.53249450683594,51.891048984527586,31554800.0
2018-05-29,53.08512878417969,53.74467498530226,52.83711593276897,53.47926464192192,36076000,53.69169158935547,53.35324764251709,52.46653999328613,51.92695365905762,31634000.0
2018-05-30,53.552330017089844,53.62787714989283,53.00958361016194,53.35401831948754,28686000,53.65491218566895,53.44450054168701,52.44407470703125,51.96357898712158,31302000.0
2018-05-31,54.672115325927734,55.16913455616344,53.5786745361915,53.77747919472114,79368000,53.73398857116699,53.62827339172363,52.44824974060059,52.003606452941895,33535500.0
2018-06-01,56.41168212890625,56.568741144665765,55.26903313897665,55.31177985629617,63202000,54.00108642578125,53.898403358459475,52.48900527954102,52.052542972564694,34731500.0
2018-06-04,57.30830001831055,57.547864385752256,56.51107931123448,56.585632946707385,44754000,54.41560020446777,54.15198230743408,52.58829963684082,52.10442432403565,35124600.0
2018-06-05,57.20790100097656,57.70889794788969,57.03096456740496,57.388818987777846,32964000,54.748652648925784,54.37951736450195,52.71202751159668,52.15993143081665,35052800.0
2018-06-06,57.005615234375,57.391302607051436,56.47728587355588,57.294880763882325,34934000,55.10471687316895,54.59910011291504,52.80433380126953,52.214794883728025,35498000.0
2018-06-07,56.38285446166992,56.95193979444756,55.97032760310479,56.88782540778869,36108000,55.345573043823244,54.71209774017334,52.9310538482666,52.26786413192749,34945400.0
2018-06-08,56.2978630065918,56.599550987987506,55.82668598919252,56.223309369057596,27284000,55.58046417236328,54.77979164123535,53.05782363891601,52.31565500259399,34488900.0
2018-06-11,56.70492172241211,57.044885724835886,56.23275497409298,56.309295601269945,24796000,55.862871170043945,54.873032569885254,53.16096519470215,52.36493940353394,34203500.0
2018-06-12,57.0672492980957,57.095082252758814,56.71088509560456,56.71088509560456,26092000,56.26108322143555,54.976387405395506,53.295717086791996,52.417449493408206,33541200.0
2018-06-13,56.870426177978516,57.43752830061235,56.828180001023945,57.2705267855548,34302000,56.59289283752442,55.12390251159668,53.42051864624023,52.470563430786136,33469400.0
2018-06-14,57.65969467163086,57.95194068445614,57.18702741460904,57.267049052193734,35422000,56.89165077209473,55.31281967163086,53.55014129638672,52.52821268081665,33959100.0
2018-06-15,57.617950439453125,57.84856581982814,57.34061437075739,57.65025411154176,44438000,57.012277603149414,55.50668201446533,53.6760164642334,52.58375961303711,34894100.0
2018-06-18,58.826202392578125,58.853538601682764,57.20691214669361,57.290907758828006,33038000,57.16406784057617,55.78983402252197,53.84861137390137,52.64338949203491,34771900.0
2018-06-19,58.583160400390625,58.78792980229084,57.734251476985435,58.15671705790255,47282000,57.30159378051758,56.02512321472168,54.00626586914063,52.69891897201538,35877000.0
2018-06-20,58.85055160522461,59.71636124084575,58.74916229669811,58.81228318942502,51686000,57.48608741760254,56.295402145385744,54.15295616149902,52.75659307479859,37350000.0
2018-06-21,58.1234130859375,59.161684641185204,57.82718931088118,58.92212405780654,44966000,57.660143280029295,56.50285816192627,54.2964754486084,52.813243312835695,38411300.0
2018-06-22,58.11595916748047,58.399756709428964,57.636830408022405,58.22530399952166,34220000,57.841952896118165,56.711208534240725,54.42768859863281,52.869722080230716,39092100.0
2018-06-25,56.6244010925293,57.45491894830348,55.66117617488192,57.40571453550048,57682000,57.83390083312988,56.84838600158692,54.530313110351564,52.91678730010986,40865000.0
2018-06-26,56.293392181396484,57.00164230441138,56.113471463980474,56.86595854301828,34688000,57.75651512145996,57.008799171447755,54.61631736755371,52.96430484771729,40795600.0
2018-06-27,55.514060974121094,56.96883709944549,55.50213148226848,56.46137866105526,34538000,57.62087860107422,57.106885719299314,54.65367332458496,53.007458534240726,41088200.0
2018-06-28,56.00312805175781,56.36197596160654,54.973801751184695,55.28791596286484,29726000,57.45522193908691,57.17343635559082,54.70475700378418,53.05222255706787,38606100.0
2018-06-29,56.12290954589844,56.72778332878497,56.015058747334926,56.27798156640525,31562000,57.305717849731444,57.15899772644043,54.74426002502442,53.09664363861084,37024100.0
2018-07-02,56.76506423950195,56.80880445090285,55.000151449420706,55.435043288618445,23216000,57.09960403442383,57.1318359375,54.808663864135745,53.146837635040285,35947200.0
2018-07-03,55.48126220703125,57.1527373744581,55.38931486221163,57.12838543415656,16448000,56.78941421508789,57.04550399780273,54.850880813598636,53.19181541442871,35121400.0
2018-07-05,56.72430419921875,56.86595649389084,55.8212196292831,55.89477977663142,28594000,56.576789474487306,57.03143844604492,54.968823471069335,53.24438512802124,34804400.0
2018-07-06,57.409698486328125,57.46536439707299,56.523014092104425,56.74816525807085,21820000,56.50541801452637,57.08278064727783,55.100126037597654,53.29861492156982,34090000.0
2018-07-09,58.016056060791016,58.048363522473316,57.51655312592899,57.65422765777163,21584000,56.49542770385742,57.168690299987794,55.22335693359375,53.353222427368166,33805000.0
2018-07-10,58.009098052978516,58.32520305667231,57.78146316565885,58.15075034680526,21334000,56.633897399902345,57.23389911651611,55.35823806762696,53.40779264450073,33631900.0
2018-07-11,58.223812103271484,58.670132850063226,57.42410764714803,57.4365300933808,33252000,56.82693939208984,57.291727256774905,55.510206604003905,53.464502544403075,33989900.0
2018-07-12,59.70492935180664,59.74121078339865,58.305322315939264,58.39279894066711,44148000,57.2460262298584,57.433452415466306,55.66975975036621,53.530849628448486,34482200.0
2018-07-13,59.86198806762695,60.16119232616184,59.408208530023366,59.7814696819007,32612000,57.63191223144531,57.54356708526611,55.84706634521484,53.59719923019409,34341700.0
2018-07-16,59.46884536743164,60.07520940408758,59.314270089207646,59.831667263492584,26784000,57.96650581359863,57.63611183166504,56.01626159667969,53.65599910736084,33459000.0
2018-07-17,60.29240036010742,60.574707640938406,58.747663941798535,58.7844459082999,40162000,58.31923942565918,57.709421730041505,56.17737518310547,53.717696533203124,33815200.0
2018-07-18,60.283958435058594,60.71536923749498,59.86894784111774,60.066262257086606,38948000,58.799509048461914,57.7944616317749,56.329910354614256,53.77713754653931,33398500.0
2018-07-19,59.597572326660156,60.46139115496501,59.52948018257131,59.97282044644005,38338000,59.086835861206055,57.83181266784668,56.469582595825194,53.83469982147217,32731100.0
2018-07-20,59.53693771362305,60.177596198903565,59.472819536107494,59.60453311443872,37938000,59.29955978393555,57.90248889923096,56.57786331176758,53.89081329345703,32379700.0
2018-07-23,60.18901824951172,60.392797920956895,59.245177853145265,59.42659257293091,65446000,59.516856002807614,58.00614185333252,56.68276397705078,53.95150428771973,33941000.0
2018-07-24,62.532470703125,63.369946826186485,61.83614633145283,63.17113839147794,107600000,59.96919326782226,58.30154533386231,56.836611328125,54.0193374633789,36436900.0
2018-07-25,63.41666793823242,63.53098022939205,62.0801818387139,62.25761881344463,51104000,60.48847885131836,58.6577091217041,57.004941635131836,54.08949171066284,37257700.0
2018-07-26,63.891822814941406,63.986257681005526,62.77352956001447,62.98128323179092,54686000,60.90716819763183,59.07659721374512,57.20437561035156,54.1623522567749,38265100.0
2018-07-27,62.27103805541992,64.18704491034266,61.85353996379218,64.07173912774108,48362000,61.14807319641113,59.38999271392822,57.37216934204102,54.22822965621948,39196900.0
2018-07-30,61.13534927368164,62.27103997861898,60.843600001070044,61.88137482826818,43896000,61.314723587036134,59.640614700317386,57.52006225585937,54.28399271011352,39813600.0
2018-07-31,60.99518966674805,61.69052055147803,60.44697907250044,61.21835004138536,39382000,61.385002517700194,59.85212097167969,57.67670280456543,54.3390549659729,40621900.0
2018-08-01,61.281978607177734,61.92362685224852,60.881877957214954,61.586154147039316,36994000,61.48480453491211,60.142156791687015,57.82479484558105,54.394999465942384,41649200.0
2018-08-02,61.68654251098633,61.84956626220537,60.539919628476376,60.561787835893576,34704000,61.693701553344724,60.39026870727539,57.989626235961914,54.45259902954101,41954700.0
2018-08-03,61.5389289855957,61.9544363004893,61.104533940400906,61.88783439424349,21264000,61.89390068054199,60.59673023223877,58.14091896057129,54.50905048370361,41926900.0
2018-08-06,61.51457595825195,61.752650102265946,61.159705788024674,61.71040392428334,22114000,62.02645645141602,60.77165622711182,58.2922314453125,54.564947757720944,41953400.0
2018-08-07,62.417659759521484,62.92660845767545,62.21686433406926,62.22729979590984,42506000,62.01497535705566,60.99208431243896,58.46296760559082,54.628069190979005,43012000.0
2018-08-08,62.690521240234375,63.20692109942443,62.23276397095917,62.46139233654185,34344000,61.94236068725586,61.21541976928711,58.65507545471191,54.69175224304199,43066600.0
2018-08-09,62.84608840942383,63.218852803913116,62.629389527873954,62.76010581822668,27326000,61.8377872467041,61.37247772216797,58.840950622558594,54.76106651306152,42225500.0
2018-08-10,62.25214767456055,62.684058970623695,61.98624439091464,62.58365936933606,26602000,61.83589820861816,61.49198570251465,58.99255126953125,54.82667798995972,41925000.0
2018-08-13,62.05980682373047,62.921141977590906,61.979788974501055,62.18704589732032,27500000,61.92834396362305,61.62153377532959,59.10551376342774,54.89058967590332,41960800.0
2018-08-14,62.531978607177734,62.653745891125936,61.60752254019751,62.25165827627741,28080000,62.08202285766602,61.7335126876831,59.20998733520508,54.95687219619751,41356700.0
2018-08-15,61.24369812011719,62.22580699899296,60.946480859616486,61.84310389471981,37052000,62.078194808959964,61.78149967193603,59.29070327758789,55.00621376037598,41261900.0
2018-08-16,60.838134765625,61.8142827746205,60.61795485317512,61.729289877735084,32176000,61.99335403442383,61.84352779388428,59.36735366821289,55.0536616897583,40953800.0
2018-08-17,60.43008041381836,60.98177204229244,59.84111386124022,60.737736944058355,33092000,61.882469177246094,61.88818492889404,59.44829818725586,55.09909172058106,40711500.0
2018-08-20,60.73326110839844,60.93008256244892,60.07471218392201,60.6691467235591,22218000,61.804337692260745,61.91539707183838,59.53700614929199,55.14366189956665,38550100.0
2018-08-21,60.50761413574219,61.27054044103571,60.38932407980851,60.78644421725893,23082000,61.61333312988281,61.81415424346924,59.613059997558594,55.18701192855835,34324200.0
2018-08-22,60.723323822021484,60.96089742821355,60.299364219130844,60.34906538200448,22296000,61.41661338806152,61.67948703765869,59.68618148803711,55.22969596862793,32883800.0
2018-08-23,60.694000244140625,61.39032468552044,60.60403988294381,60.630382600412794,24666000,61.2014045715332,61.51959590911865,59.76265296936035,55.27404998779297,31382800.0
2018-08-24,61.468849182128906,61.501152850603425,60.706916405833674,60.93455128342422,24454000,61.12307472229004,61.4794864654541,59.83883605957031,55.319865226745605,30187400.0
2018-08-27,62.43903350830078,62.51855840428068,61.66418147847871,61.83615046367728,28580000,61.16099739074707,61.54467067718506,59.93525772094726,55.36906517028809,29421600.0
2018-08-28,61.921630859375,62.45344123053683,61.77799158823472,62.42063702423708,27330000,61.099962615966795,61.5909927368164,59.997166290283204,55.41830484390259,28819000.0
2018-08-29,62.855533599853516,62.980785688734734,62.26656703980296,62.37591187450305,36926000,61.26114616394043,61.669670486450194,60.08261375427246,55.473101196289065,28815600.0
2018-08-30,62.34807586669922,63.09608838824395,61.98873120194107,62.79340312285072,30104000,61.41214027404785,61.70274715423584,60.152564239501956,55.526093368530276,28585600.0
2018-08-31,61.22282409667969,62.25413740118242,60.92212581767595,62.23724044748514,42308000,61.491414642333986,61.686941909790036,60.2145524597168,55.573349952697754,29637800.0
2018-09-04,60.20443344116211,61.027500180903886,59.96835007028278,60.76159307832366,41458000,61.43853187561035,61.62143478393555,60.25632194519043,55.616814289093014,30605000.0
2018-09-05,59.597572326660156,60.381369519017646,58.416651223508204,60.1005524659106,53988000,61.34752769470215,61.48043041229248,60.31578536987305,55.65424728393555,31179100.0
2018-09-06,58.84657669067383,59.592105483052926,57.83365057035183,59.57123076787324,46854000,61.15985298156738,61.28823318481445,60.36684906005859,55.69105157852173,31804600.0
2018-09-07,58.52848815917969,59.07322156261215,58.11496780060451,58.25065156129241,32658000,60.94330177307129,61.07235317230224,60.42713760375977,55.72657106399536,32071200.0
2018-09-10,58.40273666381836,58.97928075780054,58.181563270789376,58.85701294212638,27670000,60.63669052124023,60.879882621765134,60.475129776000976,55.757575092315676,32124600.0
2018-09-11,59.1447868347168,59.19200426445643,57.949953036237034,58.2059176156046,29254000,60.30726585388184,60.73413162231445,60.53556732177734,55.79188680648804,32212300.0
2018-09-12,58.23077392578125,59.17958192269754,57.96039231384548,58.747670580238385,35716000,59.938180160522464,60.519071388244626,60.56488151550293,55.82048532485962,32594100.0
2018-09-13,58.75463104248047,59.0389291427331,58.112482273743545,58.63336050143718,40068000,59.528089904785155,60.39461803436279,60.63034889221191,55.84785369873047,32744900.0
2018-09-14,58.5478630065918,59.045879465507475,58.326192879395755,59.045879465507475,24176000,59.14806861877442,60.28010444641113,60.66682006835938,55.87635524749756,32344900.0
2018-09-17,57.64577865600586,58.73872263177429,57.57768650997904,58.537430462721105,34096000,58.79036407470703,60.14088935852051,60.67154167175293,55.90678524017334,32395100.0
2018-09-18,58.00761032104492,58.71437399825271,57.72530300551823,57.786436916530086,32314000,58.570681762695315,60.00460681915283,60.67137275695801,55.939325103759764,32899900.0
2018-09-19,58.36347579956055,58.46287812487392,57.585639521736404,58.099559478530345,25962000,58.44727210998535,59.89739990234375,60.67846031188965,55.97640272140503,33043900.0
2018-09-20,59.22332000732422,59.34409759293222,58.46188768980646,58.68157085971052,29244000,58.48494644165039,59.82239971160889,60.6984504699707,56.02105993270874,33391300.0
2018-09-21,58.256614685058594,59.472323248929726,58.2536342079212,59.38981787799408,91222000,58.457759094238284,59.700530433654784,60.66948417663574,56.05896263122558,36719100.0
2018-09-24,58.626399993896484,58.90621978342579,57.23176417814969,57.624906564809926,31150000,58.480125427246094,59.55840797424317,60.644772415161135,56.09545379638672,37053900.0
2018-09-25,59.338626861572266,59.486240111899036,58.354527150193434,58.85950188678448,33152000,58.49950942993164,59.40338764190674,60.642168045043945,56.13256126403809,37282500.0
2018-09-26,59.34707260131836,60.0021442889838,58.91665531696712,59.328685409122045,37650000,58.61113929748535,59.27465972900391,60.62326148986816,56.168515625,37798500.0
2018-09-27,60.00811004638672,60.48027676869845,59.54538529341721,59.64230388555301,36274000,58.736487197875974,59.13228855133057,60.617744522094725,56.20713153839111,37765900.0
2018-09-28,59.99419403076172,60.06228617726055,59.534449751326854,59.845583499301235,35612000,58.88112030029297,59.01459445953369,60.62567695617676,56.24647310256958,38041300.0
2018-10-01,60.06625747680664,60.84508720046598,59.80085093306855,60.28842814484891,33164000,59.12316818237305,58.95676612854004,60.63626335144043,56.285523891448975,37584100.0
2018-10-02,60.022029876708984,60.8610000910396,59.62541026284273,59.97381895103668,40180000,59.32461013793945,58.94764595031738,60.63292358398437,56.322842597961426,37520200.0
2018-10-03,60.21536636352539,60.34707614660851,59.749160599981394,60.23872480953771,26246000,59.50979919433594,58.978535652160645,60.586581497192384,56.35751714706421,36133100.0
2018-10-04,58.50264358520508,59.93554785865492,57.84558485282822,59.892308186192366,46576000,59.43773155212402,58.96133899688721,60.488301010131835,56.38037509918213,36119200.0
2018-10-05,58.043392181396484,58.74766830132233,57.371920269286754,58.44945753779413,31852000,59.41640930175781,58.93708419799805,60.37133239746094,56.402256355285644,36078900.0
2018-10-08,57.451446533203125,58.4425006942056,56.43156213315559,57.65422894717302,46190000,59.29891395568848,58.889519691467285,60.2749405670166,56.422723598480225,37004900.0
2018-10-09,56.91714859008789,57.73126630687627,56.867447426983105,57.22231759934608,33690000,59.05676612854004,58.77813777923584,60.19057655334473,56.44119283676147,37226700.0
2018-10-10,54.28245544433594,56.512083802961314,54.25014798005431,56.48126657734902,58980000,58.5503044128418,58.580721855163574,60.05632186889648,56.44698316574097,38389900.0
2018-10-11,54.21186828613281,55.47032347726815,53.473794507412016,53.630356761066544,67696000,57.970680236816406,58.35358371734619,59.91491966247558,56.453168544769284,39771300.0
2018-10-12,55.692989349365234,55.95591217005539,54.42509213806296,55.648255649959694,49370000,57.54055976867676,58.21084003448486,59.79504859924317,56.468163623809815,41031000.0
2018-10-15,54.79338455200195,55.75561220565616,54.583640120536266,55.566746280864315,30074000,57.01327247619629,58.06822032928467,59.66013771057129,56.479716815948485,40829900.0
2018-10-16,56.31624984741211,56.479770344402105,55.25611009678075,55.342092687724055,38378000,56.6426944732666,57.98365230560303,59.55617118835449,56.49951805114746,41133100.0
2018-10-17,56.04338836669922,57.00809976615284,55.36793870886157,56.66018784877589,35652000,56.22549667358398,57.86764793395996,59.42868576049805,56.51303199768066,41617600.0
2018-10-18,54.5682373046875,56.2799716178171,53.99318722053798,56.16317179788981,46152000,55.83205604553223,57.634893798828124,59.26624008178711,56.51461996078491,42463000.0
2018-10-19,54.929569244384766,55.71337028646515,54.52450115705983,54.85650963326648,41286000,55.520673751831055,57.46854152679443,59.10790969848633,56.51696092605591,39966200.0
2018-10-22,55.237220764160156,55.750143401830194,54.67210944446912,55.29388016158497,27116000,55.29925117492676,57.299082565307614,58.967611160278324,56.51722930908203,39764500.0
2018-10-23,55.41316604614258,55.56674782981055,53.628868946211725,54.239206943645506,37686000,55.14885292053223,57.102809524536134,58.83467834472656,56.517403259277344,39991200.0
2018-10-24,52.5408935546875,55.49816011969358,52.43850696071365,55.4176417338397,49286000,54.974696731567384,56.76250057220459,58.634856643676756,56.503568725585936,40573000.0
2018-10-25,54.85054397583008,55.557800587725495,53.45690167605003,53.69298504414373,72956000,55.03856430053711,56.504622268676755,58.50699356079102,56.5019409942627,42407100.0
2018-10-26,53.86445236206055,55.51703957980069,51.80082856302339,52.104010559029014,106438000,54.85571060180664,56.198135185241696,58.36751991271973,56.49490816116333,45948400.0
2018-10-29,51.42806625366211,55.11098025874895,50.05977324746641,54.50014173490589,81290000,54.519178771972655,55.76622562408447,58.1874796295166,56.47107110977173,48354700.0
2018-10-30,52.16265869140625,52.231744327780675,50.39625587529886,50.69645361254316,59768000,54.10381965637207,55.373257064819335,58.016067581176756,56.450894603729246,49334100.0
2018-10-31,54.203922271728516,55.069731950622014,53.091593755747375,53.091593755747375,70916000,53.919873046875,55.072684860229494,57.88999374389648,56.4388369178772,51567600.0
2018-11-01,53.97529220581055,54.66714209994439,53.5697235881627,54.244676527874226,40132000,53.860578536987305,54.846317291259766,57.75503311157227,56.4264139175415,51245400.0
2018-11-02,53.2551155090332,54.57271399793297,53.06475553257105,54.12539592412253,43438000,53.693133163452146,54.6069034576416,57.60625541687012,56.40851875305176,51824700.0
2018-11-05,52.471805572509766,53.34755389427603,51.39178461005854,53.30679795698103,45358000,53.41659164428711,54.35792140960693,57.42631454467774,56.38157283782959,51783100.0
2018-11-06,53.15968322753906,53.669128668700814,52.366440246332886,52.43651937753677,28660000,53.19124336242676,54.17004814147949,57.2407275390625,56.355081748962405,51531600.0
2018-11-07,55.0816535949707,55.16564920122458,53.707395834829214,53.851531855294034,43388000,53.44531936645508,54.21000804901123,57.10392799377441,56.339413223266604,50752000.0
2018-11-08,54.405216217041016,55.08066594583015,53.89477724124266,55.0349425415751,33694000,53.400786590576175,54.21967544555664,56.93492164611816,56.317666149139406,49051900.0
2018-11-09,53.52996826171875,54.09308888011312,52.895771222007895,53.87788021518588,34860000,53.36733818054199,54.111524391174314,56.758559494018556,56.29019592285156,48326400.0
2018-11-12,52.155208587646484,53.384837472901864,51.7073975666727,53.33662654677747,34002000,53.44005241394043,53.97961559295654,56.57720718383789,56.25612030029297,48522800.0
2018-11-13,52.086116790771484,53.015544008921495,51.70987518814378,52.426080756484225,25750000,53.43239822387695,53.76810894012451,56.414840850830075,56.22396314620972,47891400.0
2018-11-14,52.414649963378906,52.9718095688696,51.745165052074334,52.68403427403734,34666000,53.253470993041994,53.5866720199585,56.27118240356445,56.19224338531494,47842100.0
2018-11-15,53.23324203491211,53.62190988889463,51.754110164331074,52.259581623322696,41584000,53.17926597595215,53.51992225646973,56.15891571044922,56.1647731590271,47613700.0
2018-11-16,53.09507369995117,53.30233062273131,52.430556214987085,52.943979433066836,35366000,53.163261795043944,53.42819747924805,56.05024742126465,56.15211658477783,47317700.0
2018-11-19,51.06474685668945,53.08165396666959,50.8386059945243,52.852525043411724,45684000,53.022555923461915,53.21957378387451,55.90348762512207,56.143426189422605,48246100.0
2018-11-20,51.2153434753418,51.55828794293747,49.81176247305151,50.06424604702752,54458000,52.828121948242185,53.00968265533447,55.74489875793457,56.13001163482666,49084700.0
2018-11-21,51.8604736328125,52.42111045075027,51.663155440209174,51.953911206491085,29698000,52.50600395202637,52.97566165924072,55.617492752075194,56.12703447341919,48105300.0
2018-11-23,51.19795227050781,51.83910753633079,51.119420865486646,51.36693698964655,14178000,52.18527755737305,52.79303207397461,55.46635917663574,56.132598609924315,45166400.0
2018-11-26,52.48225021362305,52.53493185625115,51.67856792288888,51.88880912305244,31558000,52.080505752563475,52.72392196655274,55.34504692077637,56.13500171661377,41422400.0
2018-11-27,52.30033493041992,53.02002155502751,51.9633590062163,52.25361803772543,33048000,52.09501838684082,52.76753540039063,55.23813804626465,56.13443510055542,39010300.0
2018-11-28,54.26405715942383,54.31723933379048,51.836614163783054,52.55779099188267,46042000,52.312812423706056,52.872605323791504,55.16326698303223,56.14379146575928,38324000.0
2018-11-29,54.40272903442383,54.679568341329265,53.7774772575212,53.853521136336674,31004000,52.511620330810544,52.88254566192627,55.08405204772949,56.14922883987427,36328400.0
2018-11-30,55.1517333984375,55.1517333984375,53.83612579792065,54.454916063552986,59668000,52.70346946716309,52.94136772155762,55.00262031555176,56.15377405166626,37305200.0
2018-12-03,55.48523712158203,56.41168013704425,55.25511471030101,56.270528380695694,57532000,52.94248580932617,53.05287380218506,54.94719276428223,56.158957939147946,38009900.0
2018-12-04,52.80679702758789,55.37986626351748,52.722801424184986,55.31773886673389,45630000,53.11669082641602,53.06962337493896,54.830800704956054,56.14873920440674,38023500.0
2018-12-06,53.582645416259766,53.649247324039486,51.81325827207042,51.93850656482629,47436000,53.35342102050781,53.090771484375,54.715681076049805,56.13987483978271,38962300.0
2018-12-07,52.01702880859375,53.92806804829353,51.65867766751975,53.29188414259458,42682000,53.369076538085935,52.937540245056155,54.569080200195316,56.12413919448853,38927000.0
2018-12-10,52.34506607055664,52.66415153274939,51.34208249392534,51.83611740196574,33652000,53.48378791809082,52.834532737731934,54.41581932067871,56.105523319244384,38924900.0
2018-12-11,52.76604461669922,53.20093642324051,52.19198803877761,53.0289674437618,33852000,53.512167358398436,52.796336555480956,54.27125633239746,56.0851330947876,38874500.0
2018-12-12,53.3664436340332,54.26107592768427,53.27896701020894,53.532944612640854,28960000,53.618778228759766,52.85689830780029,54.137260055541994,56.07425336837768,38622400.0
2018-12-13,53.356998443603516,54.09656630466222,52.932049142359624,53.46286605323916,24986000,53.528072357177734,52.92044239044189,54.00395942687988,56.06670364379883,38584200.0
2018-12-14,52.27199935913086,53.26653439608131,52.15569630272705,52.68502290601745,36358000,53.314999389648435,52.91330986022949,53.84509208679199,56.06180797576904,38668800.0
2018-12-17,50.976776123046875,52.802325939208714,50.52846458647878,52.038406144796824,49932000,52.89750366210937,52.80048656463623,53.69457473754883,56.04727266311645,39086200.0
2018-12-18,51.85948181152344,52.66862824640263,51.21683256090122,51.391785806033056,43640000,52.53492813110351,52.73870697021484,53.570896530151366,56.034511680603025,39499900.0
2018-12-19,51.464351654052734,53.46485479949409,50.667631411272424,52.05232473173197,58264000,52.40068359375,52.75868721008301,53.45115463256836,56.01824922561646,40128900.0
2018-12-20,50.87389373779297,52.05978237536117,50.09258022831302,50.99417078022154,53674000,52.12980842590332,52.741614723205565,53.33028953552246,55.99552057266235,40089700.0
2018-12-21,49.267024993896484,51.574187120757436,48.767025349359294,51.29436736185518,104656000,51.8548080444336,52.611942291259766,53.22998092651367,55.9611939239502,43837600.0
2018-12-24,48.93999481201172,50.30431019564692,48.59158232346509,48.922597318515145,36360000,51.5143009185791,52.49904441833496,53.12454345703125,55.917413997650144,44946700.0
2018-12-26,52.08015441894531,52.109974355072794,49.336606536559174,49.60201686074165,46318000,51.44571189880371,52.478939628601076,53.05228675842285,55.88806997299194,45684700.0
2018-12-27,52.331153869628906,52.35302207815202,50.049833689311725,51.00411346887135,45996000,51.34218292236328,52.48048057556152,53.00304214477539,55.86644714355469,46332100.0
2018-12-28,52.022010803222656,52.894278227037034,51.78940464008977,52.659188332743575,34398000,51.2086841583252,52.368378257751466,52.917157363891604,55.84104700088501,45749900.0
2018-12-31,51.936519622802734,52.832645941703156,51.34407206665135,52.576180817900095,33110000,51.175136184692384,52.24506778717041,52.835019989013674,55.814791965484616,45855200.0
2019-01-02,52.41962432861328,52.72330310283759,50.958386606132336,51.05381496390382,31868000,51.319421005249026,52.1084623336792,52.79204772949219,55.79497581481934,44465200.0
2019-01-03,50.967830657958984,52.99517332537633,50.81375590665297,52.22032126895227,41960000,51.230255889892575,51.882592010498044,52.712812957763674,55.776436996459964,43686600.0
2019-01-04,53.58214569091797,53.67807078585234,51.5339285830154,51.81722936048474,46022000,51.4420352935791,51.92135944366455,52.679711456298826,55.772030906677244,43706200.0
